800,DARWIN,NT,-12:28:24,-130:50:38
810,WANGURI,NT,-12:24:32,-130:51:16
812,WULAGI,NT,-12:24:6,-130:53:4
820,WOOLNER,NT,-12:25:44,-130:52:13
822,WADEYE,NT,-12:26:46,-130:45:54
828,BERRIMAH,NT,-12:27:36,-130:57:43
830,YARRAWONGA,NT,-12:26:47,-130:57:21
832,ROSEBERY,NT,,
835,HOWARD SPRINGS,NT,-12:29:50,-131:2:34
836,HUMPTY DOO,NT,-12:34:37,-131:4:23
837,NOONAMAH,NT,-12:44:1,-131:4:60
840,DUNDEE BEACH,NT,,
845,BATCHELOR,NT,-13:6:58,-131:0:25
846,ADELAIDE RIVER,NT,-13:14:55,-131:6:28
847,PINE CREEK,NT,-14:8:32,-132:6:39
850,KATHERINE,NT,-14:31:25,-132:9:34
852,VICTORIA RIVER DOWNS,NT,-14:59:15,-131:30:59
853,TINDAL RAAF,NT,-14:31:00,-132:25:00
854,BORROLOOLA,NT,-16:12:26,-136:33:45
860,TENNANT CREEK,NT,-19:38:11,-134:10:53
862,WARREGO,NT,-16:13:24,-136:57:58
870,ALICE SPRINGS,NT,-23:42:52,-133:52:14
872,YULARA,NT,-23:51:37,-133:47:53
880,YIRRKALA,NT,-12:11:41,-136:45:49
885,ALYANGULA,NT,-13:51:32,-136:25:34
886,JABIRU,NT,-12:41:35,-132:28:12
1363,MOORE PARK,NSW,,
1639,FRENCHS FOREST,NSW,,
2000,THE ROCKS,NSW,-33:52:30,-151:12:5
2006,THE UNIVERSITY OF SYDNEY,NSW,-33:53:30,-151:11:06
2007,ULTIMO,NSW,-33:52:45,-151:11:49
2008,DARLINGTON,NSW,-33:53:10,-151:11:41
2009,PYRMONT,NSW,-33:52:6,-151:11:37
2010,SURRY HILLS,NSW,-33:52:44,-151:12:40
2011,WOOLLOOMOOLOO,NSW,-33:52:09,-151:13:30
2015,EVELEIGH,NSW,-33:53:51,-151:11:21
2016,REDFERN,NSW,-33:53:40,-151:11:58
2017,ZETLAND,NSW,-33:54:35,-151:12:10
2018,ROSEBERY,NSW,-33:54:56,-151:12:14
2019,BOTANY,NSW,-33:56:7,-151:12:36
2020,SYDNEY INTERNATIONAL AIRPORT,NSW,-33:56:50,-151:9:57
2021,PADDINGTON,NSW,-33:53:24,-151:13:18
2022,QUEENS PARK,NSW,-33:53:45,-151:15:15
2023,BELLEVUE HILL,NSW,-33:53:15,-151:15:25
2024,WAVERLEY,NSW,-33:53:52,-151:15:13
2025,WOOLLAHRA,NSW,-33:53:32,-151:14:43
2026,TAMARAMA,NSW,-33:53:34,-151:16:34
2027,POINT PIPER,NSW,-33:52:49,-151:14:3
2028,DOUBLE BAY,NSW,-33:52:41,-151:14:32
2029,ROSE BAY,NSW,-33:52:31,-151:16:23
2030,WATSONS BAY,NSW,-33:50:34,-151:16:60
2031,ST PAULS,NSW,-33:55:7,-151:14:30
2032,KINGSFORD,NSW,-33:55:17,-151:13:40
2033,KENSINGTON,NSW,-33:54:16,-151:12:50
2034,COOGEE,NSW,-33:55:22,-151:15:19
2035,PAGEWOOD,NSW,-33:56:26,-151:15:9
2036,PORT BOTANY,NSW,-33:57:44,-151:13:5
2037,GLEBE,NSW,-33:53:05,-151:10:53
2038,ANNANDALE,NSW,-33:53:07,-151:10:03
2039,ROZELLE,NSW,-33:52:12,-151:10:53
2040,LILYFIELD,NSW,-33:53:7,-151:9:36
2041,BIRCHGROVE,NSW,-33:51:27,-151:10:33
2042,NEWTOWN,NSW,-33:53:54,-151:10:42
2043,ERSKINEVILLE,NSW,-33:54:2,-151:11:5
2044,TEMPE,NSW,-33:55:14,-151:10:18
2045,HABERFIELD,NSW,-33:52:58,-151:7:55
2046,WAREEMBA,NSW,-33:52:2,-151:7:13
2047,DRUMMOYNE,NSW,-33:51:6,-151:9:10
2048,WESTGATE,NSW,-33:53:28,-151:9:58
2049,PETERSHAM,NSW,-33:53:54,-151:8:55
2050,CAMPERDOWN,NSW,-33:53:28,-151:10:54
2052,UNSW SYDNEY,NSW,,
2055,NORTH SYDNEY,NSW,,
2060,WAVERTON,NSW,-33:50:24,-151:12:18
2061,MILSONS POINT,NSW,-33:51:2,-151:12:48
2062,CAMMERAY,NSW,-33:49:19,-151:12:30
2063,NORTHBRIDGE,NSW,-33:48:43,-151:12:39
2064,ARTARMON,NSW,-33:48:24,-151:10:58
2065,WOLLSTONECRAFT,NSW,-33:49:35,-151:11:21
2066,RIVERVIEW,NSW,-33:48:31,-151:8:49
2067,CHATSWOOD WEST,NSW,-33:47:54,-151:11:1
2068,WILLOUGHBY,NSW,-33:48:45,-151:11:41
2069,ROSEVILLE,NSW,-33:46:46,-151:10:56
2070,LINDFIELD,NSW,-33:47:30,-151:9:32
2071,KILLARA,NSW,-33:45:59,-151:9:20
2072,GORDON,NSW,-33:45:24,-151:9:2
2073,WEST PYMBLE,NSW,-33:44:38,-151:8:19
2074,WARRAWEE,NSW,-33:44:12,-151:7:48
2075,ST IVES,NSW,-33:44:4,-151:10:52
2076,WAHROONGA,NSW,-33:44:10,-151:5:28
2077,WAITARA,NSW,-33:42:42,-151:6:7
2079,MOUNT COLAH,NSW,-33:38:60,-151:7:7
2080,MOUNT KURING-GAI,NSW,-33:38:34,-151:7:45
2081,COWAN,NSW,-33:37:18,-151:8:49
2082,BEROWRA WATERS,NSW,-33:34:41,-151:10:26
2083,MOONEY MOONEY,NSW,-33:29:11,-151:9:30
2084,TERREY HILLS,NSW,-33:42:7,-151:12:43
2085,DAVIDSON,NSW,-33:44:21,-151:13:10
2086,FRENCHS FOREST,NSW,-33:44:25,-151:11:58
2087,KILLARNEY HEIGHTS,NSW,-33:45:44,-151:13:6
2088,THE SPIT,NSW,-33:49:30,-151:14:30
2089,NEUTRAL BAY JUNCTION,NSW,-33:49:57,-151:13:6
2090,CREMORNE,NSW,-33:49:50,-151:13:8
2092,SEAFORTH,NSW,-33:47:33,-151:14:22
2093,MANLY VALE,NSW,-33:47:42,-151:15:43
2094,FAIRLIGHT,NSW,-33:47:50,-151:16:6
2095,MANLY,NSW,-33:48:6,-151:16:45
2096,QUEENSCLIFF,NSW,-33:46:52,-151:17:29
2097,WHEELER HEIGHTS,NSW,-33:43:51,-151:17:29
2099,WINGALA,NSW,-33:44:12,-151:17:5
2100,WARRINGAH MALL,NSW,-33:45:10,-151:14:45
2101,NARRABEEN,NSW,-33:43:11,-151:17:49
2102,WARRIEWOOD,NSW,-33:41:49,-151:18:20
2103,MONA VALE,NSW,-33:40:46,-151:17:33
2104,BAYVIEW,NSW,,
2105,SCOTLAND ISLAND,NSW,-33:38:49,-151:16:52
2106,NEWPORT BEACH,NSW,-33:39:28,-151:18:17
2107,WHALE BEACH,NSW,-33:38:39,-151:18:56
2108,THE BASIN,NSW,-33:35:36,-151:19:25
2109,MACQUARIE UNIVERSITY,NSW,-33:46:37,-151:6:27
2110,WOOLWICH,NSW,-33:49:29,-151:9:0
2111,TENNYSON POINT,NSW,-33:49:59,-151:7:31
2112,RYDE,NSW,-33:49:18,-151:7:9
2113,NORTH RYDE,NSW,-33:47:51,-151:8:34
2114,WEST RYDE,NSW,-33:48:45,-151:5:51
2115,ERMINGTON,NSW,-33:49:2,-151:4:2
2116,RYDALMERE,NSW,-33:48:45,-151:2:17
2117,TELOPEA,NSW,-33:47:45,-151:2:24
2118,KINGSDENE,NSW,-33:47:4,-151:2:40
2119,CHELTENHAM,NSW,-33:44:37,-151:03:20
2120,WESTLEIGH,NSW,-33:43:50,-151:3:57
2121,EPPING,NSW,-33:46:31,-151:4:56
2122,MARSFIELD,NSW,-33:47:50,-151:4:39
2123,PARRAMATTA,NSW,-33:48:57,-150:59:56
2125,WEST PENNANT HILLS,NSW,-33:44:56,-151:02:54
2126,CHERRYBROOK,NSW,-33:43:1,-151:2:60
2127,NEWINGTON,NSW,,
2128,SILVERWATER,NSW,,
2130,SUMMER HILL,NSW,-33:53:40,-151:8:32
2131,ASHFIELD,NSW,-33:52:57,-151:7:52
2132,CROYDON,NSW,-33:53:7,-151:6:54
2133,ENFIELD SOUTH,NSW,-33:54:3,-151:6:19
2134,BURWOOD,NSW,-33:52:48,-151:6:17
2135,STRATHFIELD,NSW,-33:52:25,-151:05:47
2136,STRATHFIELD SOUTH,NSW,-33:53:19,-151:5:31
2137,NORTH STRATHFIELD,NSW,-33:50:57,-151:6:49
2138,RHODES,NSW,-33:51:10,-151:5:12
2139,CONCORD REPATRIATION HOSPITAL,NSW,-33:50:16,-151:5:34
2140,STRATHFIELD WEST,NSW,-33:51:34,-151:4:41
2141,LIDCOMBE,NSW,-33:49:53,-151:2:54
2142,ROSEHILL,NSW,-33:49:11,-151:2:24
2143,REGENTS PARK,NSW,-33:53:8,-151:0:57
2144,AUBURN,NSW,-33:50:44,-151:2:20
2145,WESTMEAD,NSW,-33:49:14,-150:59:16
2146,TOONGABBIE EAST,NSW,-33:46:56,-150:56:51
2147,SEVEN HILLS WEST,NSW,-33:46:8,-150:57:3
2148,PROSPECT,NSW,-33:45:31,-150:54:17
2150,PARRAMATTA,NSW,-33:48:56,-151:0:26
2151,NORTH ROCKS,NSW,-33:46:15,-151:1:33
2152,NORTHMEAD,NSW,-33:47:49,-150:59:48
2153,WINSTON HILLS,NSW,-33:46:3,-150:57:25
2154,CASTLE HILL,NSW,-33:44:6,-151:0:6
2155,ROUSE HILL,NSW,-33:43:23,-150:55:52
2156,KENTHURST,NSW,-33:40:59,-151:0:29
2157,GLENORIE,NSW,-33:36:5,-150:58:29
2158,ROUND CORNER,NSW,-33:42:10,-151:2:57
2159,GALSTON,NSW,-33:30:23,-151:3:16
2160,MERRYLANDS WEST,NSW,-33:50:12,-150:59:9
2161,YENNORA,NSW,-33:52:06,-151:00:19
2162,SEFTON,NSW,-33:52:24,-151:0:23
2163,VILLAWOOD,NSW,-33:53:23,-150:58:1
2164,WETHERILL PARK,NSW,-33:49:32,-150:52:01
2165,FAIRFIELD WEST,NSW,-33:52:14,-150:58:21
2166,LANSVALE,NSW,-33:53:30,-150:56:20
2167,GLENFIELD,NSW,-33:58:36,-150:53:54
2168,SADLEIR,NSW,-33:54:07,-150:51:18
2170,WARWICK FARM,NSW,-33:55:49,-150:53:15
2171,WEST HOXTON,NSW,-33:54:40,-150:49:30
2173,WATTLE GROVE,NSW,-33:58:45,-150:55:29
2176,WAKELEY,NSW,-33:51:52,-150:51:15
2177,BONNYRIGG HEIGHTS,NSW,-33:53:12,-150:53:25
2190,MOUNT LEWIS,NSW,-33:54:19,-151:3:48
2191,BELFIELD,NSW,-33:54:27,-151:5:17
2192,BELMORE,NSW,-33:54:39,-151:4:34
2193,HURLSTONE PARK,NSW,-33:54:42,-151:7:53
2194,CAMPSIE,NSW,-33:55:35,-151:5:55
2195,WILEY PARK,NSW,-33:55:22,-151:04:47
2196,ROSELANDS,NSW,-33:55:46,-151:4:46
2197,BASS HILL,NSW,-33:54:7,-150:59:49
2198,GEORGES HALL,NSW,-33:54:50,-150:58:51
2199,YAGOONA,NSW,-33:54:31,-151:1:23
2200,MANAHAN,NSW,-33:55:48,-150:59:14
2203,DULWICH HILL,NSW,-33:54:23,-151:7:46
2204,MARRICKVILLE SOUTH,NSW,-33:54:28,-151:10:15
2205,TURRELLA,NSW,-33:56:7,-151:8:54
2206,UNDERCLIFFE,NSW,-33:55:41,-151:7:33
2207,BEXLEY SOUTH,NSW,-33:57:15,-151:7:13
2208,KINGSGROVE,NSW,-33:56:11,-151:5:55
2209,NARWEE,NSW,-33:57:14,-151:3:50
2210,RIVERWOOD,NSW,-33:57:56,-151:3:51
2211,PADSTOW,NSW,-33:56:36,-151:2:4
2212,REVESBY NORTH,NSW,-33:56:25,-151:1:2
2213,PICNIC POINT,NSW,-33:57:23,-150:59:51
2214,MILPERRA,NSW,-33:56:28,-150:59:26
2216,ROCKDALE,NSW,-33:57:3,-151:8:17
2217,RAMSGATE BEACH,NSW,-33:57:55,-151:8:0
2218,CARLTON,NSW,-33:58:50,-151:07:13
2219,SANS SOUCI,NSW,-33:59:36,-151:8:31
2220,HURSTVILLE,NSW,-33:58:12,-151:06:08
2221,SOUTH HURSTVILLE,NSW,-33:58:45,-151:6:48
2222,PENSHURST,NSW,-33:57:60,-151:5:35
2223,OATLEY,NSW,-33:58:36,-151:4:39
2224,SYLVANIA WATERS,NSW,-34:1:15,-151:6:16
2226,JANNALI,NSW,-34:0:26,-151:4:2
2227,GYMEA,NSW,-34:2:4,-151:4:59
2228,YOWIE BAY,NSW,-34:2:15,-151:6:1
2229,TAREN POINT,NSW,-34:1:13,-151:7:27
2230,WOOLOOWARE,NSW,-34:4:43,-151:8:42
2231,KURNELL,NSW,-34:0:10,-151:12:28
2232,WORONORA,NSW,-34:01:56,-151:03:35
2233,YARRAWARRAH,NSW,-34:10:18,-151:3:58
2234,MENAI CENTRAL,NSW,-34:3:7,-150:58:42
2250,WENDOREE PARK,NSW,-33:29:2,-151:10:8
2251,YATTALUNGA,NSW,-33:27:8,-151:28:0
2256,WOY WOY,NSW,-33:29:19,-151:19:25
2257,UMINA BEACH,NSW,-33:30:60,-151:23:13
2258,OURIMBAH,NSW,-33:21:0,-151:22:19
2259,YARRAMALONG,NSW,-33:17:15,-151:25:31
2260,WAMBERAL,NSW,-33:27:33,-151:24:44
2261,TUMBI UMBI,NSW,-33:21:43,-151:29:55
2262,SAN REMO,NSW,-33:13:18,-151:31:10
2263,TOUKLEY,NSW,-33:13:15,-151:29:38
2264,SUNSHINE,NSW,-33:8:4,-151:30:51
2265,MARTINSVILLE,NSW,-33:05:26,-151:27:34
2267,WANGI WANGI,NSW,-33:3:57,-151:34:18
2280,VALENTINE,NSW,-33:1:52,-151:38:22
2281,SWANSEA,NSW,-33:5:25,-151:39:46
2283,TORONTO,NSW,-33:00:13,-151:33:35
2284,WOODRISING,NSW,-32:57:58,-151:36:7
2285,GLENDALE,NSW,-32:56:39,-151:39:16
2286,WEST WALLSEND,NSW,-32:53:29,-151:32:15
2287,WALLSEND,NSW,-32:54:15,-151:39:20
2289,KOTARA,NSW,-32:57:26,-151:42:12
2290,WHITEBRIDGE,NSW,-32:58:05,-151:41:40
2291,THE JUNCTION,NSW,-32:57:19,-151:44:23
2292,BROADMEADOW,NSW,-32:55:24,-151:43:42
2293,WICKHAM,NSW,-32:54:56,-151:45:25
2294,CARRINGTON,NSW,-32:55:08,-151:46:01
2295,STOCKTON DC,NSW,-32:53:02,-151:47:36
2296,ISLINGTON,NSW,-32:55:12,-151:44:53
2297,TIGHES HILL,NSW,-32:54:36,-151:44:42
2298,WARATAH WEST,NSW,-32:54:31,-151:43:27
2299,NORTH LAMBTON,NSW,-32:54:14,-151:41:19
2300,THE HILL,NSW,-32:55:41,-151:46:51
2302,NEWCASTLE WEST,NSW,-32:55:44,-151:45:41
2303,HAMILTON SOUTH,NSW,-32:55:39,-151:44:51
2304,WARABROOK,NSW,-32:53:38,-151:46:26
2305,NEW LAMBTON HEIGHTS,NSW,-32:55:26,-151:41:31
2306,WINDALE,NSW,-32:59:36,-151:40:51
2307,SHORTLAND,NSW,-32:53:28,-151:40:47
2308,NEWCASTLE UNIVERSITY,NSW,-32:53:37,-151:41:48
2311,LOSTOCK,NSW,-32:26:23,-151:33:09
2312,NABIAC,NSW,-32:05:50,-152:21:22
2314,WILLIAMTOWN RAAF,NSW,-32:48:02,-151:49:57
2315,SHOAL BAY,NSW,-32:43:23,-152:08:32
2320,TELARAH,NSW,-32:43:39,-151:32:41
2321,WOODVILLE,NSW,-32:45:27,-151:31:55
2322,WOODBERRY,NSW,-32:49:44,-151:43:34
2323,TENAMBIT,NSW,-32:44:48,-151:35:20
2324,TEA GARDENS,NSW,-32:46:01,-151:45:15
2325,WOLLOMBI,NSW,-33:6:36,-151:8:18
2326,WESTON,NSW,-32:46:53,-151:28:33
2327,STANFORD MERTHYR,NSW,-32:49:34,-151:27:43
2328,KERRABEE,NSW,-32:23:28,-150:40:60
2329,UARBRY,NSW,-32:08:08,-150:09:25
2330,WARKWORTH,NSW,-32:13:39,-151:14:45
2333,WYBONG,NSW,-32:25:29,-150:16:26
2334,GRETA,NSW,-32:42:27,-151:30:11
2335,STANHOPE,NSW,-32:39:51,-151:20:40
2336,UPPER ROUCHEL,NSW,-32:9:54,-150:53:19
2337,WOOLOOMA,NSW,-31:58:5,-150:26:5
2338,MURRURUNDI,NSW,-31:50:14,-150:55:3
2339,WILLOW TREE,NSW,-31:38:60,-150:43:35
2340,WOOLOMIN,NSW,-31:39:04,-151:14:21
2341,WERRIS CREEK,NSW,-31:21:20,-150:39:06
2342,CURRABUBULA,NSW,-31:18:11,-150:41:5
2343,WALLABADAH,NSW,-31:23:46,-150:49:42
2344,DURI,NSW,-31:5:13,-150:39:24
2345,GARTHOWEN,NSW,-30:51:34,-150:50:26
2346,MANILLA,NSW,-30:45:1,-150:43:5
2347,UPPER HORTON,NSW,270160::,-6636720::
2350,WOLLOMOMBI,NSW,-30:30:47,-151:39:44
2351,UNIVERSITY OF NEW ENGLAND,NSW,-30:29:30,-151:38:26
2352,LIMBRI,NSW,-30:41:52,-150:57:28
2353,MOONBI,NSW,-30:56:52,-151:08:39
2354,WOOLBROOK,NSW,-30:59:19,-151:36:1
2355,WATSONS CREEK,NSW,-30:53:3,-151:9:6
2357,ULAMAMBRI,NSW,-31:19:20,-149:18:8
2358,URALLA,NSW,-30:38:44,-151:29:58
2359,BUNDARRA,NSW,-30:19:59,-151:01:09
2360,WALLANGRA,NSW,-29:46:04,-151:13:28
2361,BONSHAW,NSW,-29:23:47,-151:14:20
2370,SWAN VALE,NSW,-29:45:26,-151:36:45
2371,TORRINGTON,NSW,-29:27:24,-151:37:5
2372,WYLIE CREEK,NSW,-29:9:15,-151:54:24
2379,MULLALEY,NSW,-31:05:54,-149:54:44
2380,ORANGE GROVE,NSW,-31:10:23,-149:59:49
2386,BURREN JUNCTION,NSW,-30:4:50,-149:10:20
2387,ROWENA,NSW,-29:39:34,-148:54:43
2388,WEE WAA,NSW,-30:14:16,-149:17:18
2390,TURRAWAN,NSW,-30:16:49,-150:09:04
2395,WEETALIBA,NSW,-31:33:03,-149:22:45
2396,KENEBRI,NSW,-31:4:32,-148:58:0
2397,BELLATA,NSW,-29:57:33,-149:54:48
2398,GURLEY,NSW,-29:44:9,-149:47:52
2399,PALLAMALLAWA,NSW,-29:28:41,-150:8:16
2400,TERRY HIE HIE,NSW,-29:31:23,-148:57:10
2401,GRAVESEND,NSW,-29:33:43,-150:17:25
2402,WARIALDA,NSW,-29:32:39,-150:34:18
2403,KOLOONA,NSW,-29:39:58,-150:49:8
2404,DINOGA,NSW,-29:55:16,-150:22:23
2405,GARAH,NSW,-28:58:57,-149:49:38
2406,MUNGINDI,NSW,-29:08:22,-148:41:03
2408,NORTH STAR,NSW,-29:7:1,-150:39:54
2409,BOGGABILLA,NSW,-28:54:57,-150:8:0
2410,YETMAN,NSW,-28:45:24,-150:34:36
2411,CROPPA CREEK,NSW,-29:7:40,-150:18:13
2415,STROUD ROAD,NSW,-32:20:56,-151:55:43
2420,WALLAROBBA,NSW,-31:58:22,-151:26:44
2421,VACY,NSW,-32:41:26,-151:34:39
2422,WARDS RIVER,NSW,-31:39:12,-151:29:59
2423,WOOTTON,NSW,-32:25:58,-152:11:14
2424,NUMBER ONE,NSW,-31:32:26,-151:47:55
2425,STROUD,NSW,-32:28:08,-151:58:11
2426,LANGLEY VALE,NSW,-31:48:20,-152:35:11
2427,HARRINGTON,NSW,-31:50:40,-152:44:33
2428,TUNCURRY,NSW,-32:09:34,-152:22:31
2429,WINGHAM,NSW,-31:55:26,-152:10:53
2430,UPPER LANSDOWNE,NSW,-32:5:37,-152:28:54
2431,SOUTH WEST ROCKS,NSW,-30:53:17,-153:2:24
2439,LORNE,NSW,-31:42:13,-152:40:39
2440,WILLAWARRIN,NSW,-31:2:19,-152:52:43
2443,WEST HAVEN,NSW,-31:42:27,-152:40:21
2444,PORT MACQUARIE,NSW,-31:18:59,-152:58:21
2445,LAKE CATHIE,NSW,-31:34:60,-152:48:0
2446,WAUCHOPE,NSW,-31:18:38,-152:12:18
2447,WARRELL CREEK,NSW,-30:43:12,-152:54:48
2448,VALLA BEACH,NSW,-30:38:40,-153:0:20
2449,MISSABOTTI,NSW,-30:39:15,-152:52:20
2450,UPPER ORARA,NSW,-30:17:0,-153:5:37
2452,TOORMINA,NSW,-30:20:12,-153:5:3
2453,TYRINGHAM,NSW,-30:25:9,-152:20:18
2454,THORA,NSW,-30:27:11,-152:53:8
2455,URUNGA,NSW,-30:29:43,-153:0:57
2456,WOOLGOOLGA,NSW,-30:6:52,-153:11:34
2460,WINEGROVE,NSW,-29:41:38,-152:55:51
2462,WOOLI,NSW,-29:37:58,-153:1:41
2463,TULLYMORGAN,NSW,-29:21:24,-153:4:43
2464,YAMBA,NSW,-29:26:26,-153:21:33
2469,MUMMULGUM,NSW,-29:25:38,-153:14:49
2470,WOODVIEW,NSW,-29:13:24,-152:35:58
2471,TATHAM,NSW,-28:59:56,-153:16:49
2472,WOODBURN,NSW,-29:5:53,-153:20:32
2473,EVANS HEAD,NSW,-29:7:26,-153:26:5
2474,WIANGAREE,NSW,-28:38:8,-153:0:15
2475,URBENVILLE,NSW,-28:28:33,-152:32:45
2476,WOODENBONG,NSW,-28:23:17,-152:38:33
2477,WOLLONGBAR,NSW,-29:0:43,-153:26:0
2478,TINTENBAR,NSW,-28:51:50,-153:33:28
2479,NASHUA,NSW,-28:41:50,-153:30:19
2480,WYRALLAH,NSW,-28:36:15,-153:5:45
2481,TYAGARAH,NSW,-28:38:35,-153:36:24
2482,MULLUMBIMBY,NSW,-28:34:12,-153:32:33
2483,YELGUN,NSW,-28:32:19,-153:32:46
2484,UKI,NSW,-28:31:58,-153:18:50
2485,TWEED HEADS WEST,NSW,-28:10:54,-153:32:03
2486,TWEED HEADS SOUTH DC,NSW,-28:14:30,-153:31:00
2487,STOTTS CREEK,NSW,-28:15:47,-153:34:45
2488,CABARITA BEACH,NSW,-28:20:17,-153:34:24
2489,POTTSVILLE BEACH,NSW,-28:24:24,-153:33:50
2490,TUMBULGUM,NSW,-28:15:24,-153:27:01
2500,WOLLONGONG,NSW,-34:26:18,-150:53:09
2502,WARRAWONG,NSW,-34:29:38,-150:52:19
2505,PORT KEMBLA,NSW,-34:28:54,-150:54:31
2506,BERKELEY,NSW,-34:29:2,-150:50:48
2508,STANWELL TOPS,NSW,-34:10:58,-151:2:13
2515,WOMBARRA,NSW,-34:15:51,-150:57:03
2516,BULLI,NSW,-34:19:38,-150:54:22
2517,WOONONA,NSW,-34:21:2,-150:54:14
2518,TOWRADGI,NSW,-34:21:40,-150:53:6
2519,MOUNT OUSLEY,NSW,-34:24:41,-150:53:33
2525,FIGTREE,NSW,-34:27:20,-150:52:17
2527,ALBION PARK RAIL,NSW,-34:33:44,-150:47:37
2528,WINDANG,NSW,-34:33:20,-150:51:16
2529,SHELLHARBOUR SQUARE,NSW,297640::,-6158020::
2534,WERRI BEACH,NSW,-34:44:42,-150:49:53
2535,WOODHILL,NSW,-34:46:37,-150:41:33
2536,WOODLANDS,NSW,-35:43:20,-150:10:26
2537,TUROSS HEAD,NSW,-35:47:52,-150:00:16
2538,MILTON,NSW,-35:17:15,-150:21:18
2540,YALWAL,NSW,-34:53:41,-150:36:12
2541,NOWRA,NSW,-35:4:45,-150:40:59
2545,NERRIGUNDAH,NSW,-36:11:06,-149:44:26
2546,WALLAGA LAKE HEIGHTS,NSW,-36:24:29,-150:2:5
2548,TURA BEACH,NSW,-36:53:27,-149:53:57
2549,SOUTH PAMBULA,NSW,-36:56:35,-149:54:25
2550,YOWRIE,NSW,-37:7:0,-149:30:0
2551,WONBOYN LAKE,NSW,-37:00:46,-149:53:20
2558,KEARNS,NSW,-34:2:10,-150:47:41
2559,CLAYMORE,NSW,-34:02:39,-150:46:59
2560,WOODBINE,NSW,-34:12:43,-150:47:30
2563,MENANGLE PARK,NSW,-34:5:20,-150:45:50
2564,MACQUARIE FIELDS,NSW,-33:59:15,-150:54:11
2565,MACQUARIE LINKS,NSW,-33:58:19,-150:49:36
2566,VARROVILLE,NSW,-34:2:31,-150:49:47
2567,NARELLAN VALE,NSW,-34:3:40,-150:46:50
2568,MENANGLE,NSW,-34:9:28,-150:40:50
2569,DOUGLAS PARK,NSW,-34:13:15,-150:42:57
2570,WEROMBI,NSW,-34:3:58,-150:42:37
2571,WILTON,NSW,-34:08:55,-150:40:10
2573,TAHMOOR,NSW,-34:14:10,-150:35:21
2574,YANDERRA,NSW,-34:15:5,-150:34:37
2575,YERRINBOOL,NSW,-34:18:10,-150:25:35
2576,KANGALOON,NSW,-34:27:58,-150:25:37
2577,WILDES MEADOW,NSW,-34:34:2,-150:28:59
2578,BUNDANOON,NSW,-34:39:31,-150:17:49
2579,WINGELLO,NSW,-34:42:1,-150:6:21
2580,YARRA,NSW,-34:34:6,-149:59:30
2581,GUNNING,NSW,-34:47:5,-149:15:48
2582,YASS,NSW,-34:36:42,-148:58:49
2583,TUENA,NSW,-34:5:14,-149:8:53
2584,BINALONG,NSW,-34:44:47,-148:31:42
2585,GALONG,NSW,-34:30:31,-148:32:56
2586,RYE PARK,NSW,-34:20:31,-148:36:47
2587,WOMBAT,NSW,-34:24:21,-148:12:56
2588,WALLENDBEEN,NSW,-34:34:18,-148:18:8
2590,ILLABO,NSW,-34:36:34,-148:7:5
2594,YOUNG,NSW,-34:13:11,-147:54:04
2600,YARRALUMLA,ACT,-35:19:37,-149:05:44
2602,WATSON,ACT,-35:15:40,-149:7:52
2603,RED HILL,ACT,-35:19:20,-149:8:12
2604,NARRABUNDAH,ACT,-35:18:46,-149:08:31
2605,HUGHES,ACT,-35:19:28,-149:4:35
2606,WODEN,ACT,-35:20:3,-149:4:9
2607,TORRENS,ACT,-35:21:58,-149:07:03
2609,SYMONSTON,ACT,-35:17:44,-149:10:19
2611,WESTON CREEK,ACT,-35:18:32,-148:48:32
2614,WEETANGERA,ACT,-35:14:31,-149:2:23
2615,SPENCE,ACT,-35:13:01,-149:02:11
2617,MCKELLAR,ACT,-35:14:25,-149:3:42
2618,HALL,ACT,-35:05:45,-149:05:08
2619,JERRABOMBERRA,NSW,-35:22:36,-149:12:41
2620,WILLIAMSDALE,NSW,-35:23:18,-149:10:16
2621,BUNGENDORE,NSW,-35:45:18,-149:17:23
2622,REIDSDALE,NSW,-35:11:3,-149:48:54
2626,BREDBO,NSW,-35:59:21,-149:8:55
2627,JINDABYNE,NSW,-36:29:41,-148:17:08
2628,NUMBLA VALE,NSW,-36:23:59,-148:44:17
2630,YAOUK,NSW,-35:59:06,-149:01:33
2631,NIMMITABEL,NSW,-36:30:33,-149:17:5
2632,MILA,NSW,-36:42:17,-149:7:38
2633,DELEGATE,NSW,-36:54:03,-148:44:23
2640,THURGOONA,NSW,-36:4:5,-146:54:6
2641,LAVINGTON,NSW,-36:2:29,-146:55:4
2642,YERONG CREEK,NSW,-36:12:48,-148:7:37
2643,HOWLONG,NSW,-35:58:54,-146:37:12
2644,WOOMARGAMA,NSW,-35:51:59,-147:3:54
2645,URANA,NSW,-35:15:6,-146:22:52
2646,SAVERNAKE,NSW,-35:43:25,-146:35:21
2647,MULWALA,NSW,-35:59:24,-146:0:22
2648,WENTWORTH,NSW,-32:58:59,-141:37:20
2650,WAGGA WAGGA SOUTH,NSW,-35:4:30,-147:16:15
2651,FOREST HILL,NSW,-35:9:33,-147:27:55
2652,URANQUINTY,NSW,-35:25:43,-147:37:38
2653,TUMBARUMBA,NSW,-35:53:59,-147:56:54
2655,THE ROCK,NSW,-35:16:23,-147:7:7
2656,URANGELINE EAST,NSW,-35:06:35,-146:47:22
2658,RYAN,NSW,-35:33:30,-147:10:10
2659,WALLA WALLA,NSW,-35:45:44,-146:54:6
2660,MORVEN,NSW,-35:40:1,-147:2:5
2661,KAPOOKA,NSW,-35:9:2,-147:16:60
2663,JUNEE,NSW,-34:52:16,-147:33:38
2665,MOOMBOOLDOOL,NSW,-34:28:45,-147:0:45
2666,TRUNGLEY HALL,NSW,-34:27:11,-147:32:2
2668,BARMEDMAN,NSW,-34:7:57,-147:16:43
2669,WEETHALLE,NSW,-33:51:48,-146:41:56
2671,WYALONG,NSW,-33:42:19,-147:19:15
2672,LAKE CARGELLIGO,NSW,-33:22:02,-146:12:53
2675,ROTO,NSW,-33:28:38,-145:32:6
2680,YOOGALI,NSW,-34:21:00,-146:02:24
2681,YENDA,NSW,-34:15:25,-146:11:43
2700,NARRANDERA,NSW,-34:33:15,-146:36:33
2701,COOLAMON,NSW,-34:57:30,-147:7:57
2702,GANMAIN,NSW,-34:51:50,-147:3:13
2703,YANCO,NSW,-34:37:16,-146:25:21
2705,WHITTON,NSW,-34:33:11,-146:23:60
2706,DARLINGTON POINT,NSW,-34:33:58,-145:50:47
2707,COLEAMBALLY,NSW,-34:41:26,-146:0:57
2710,WANGANELLA,NSW,-35:16:32,-144:32:31
2711,OXLEY,NSW,-34:30:39,-144:50:27
2712,BERRIGAN,NSW,-35:47:42,-145:46:58
2713,FINLEY,NSW,-35:39:37,-145:33:57
2714,TOCUMWAL,NSW,-35:48:54,-145:33:44
2715,HATFIELD,NSW,-34:38:14,-143:33:38
2716,MABINS WELL,NSW,-35:20:40,-145:39:34
2717,DARETON,NSW,-34:5:33,-142:0:49
2720,TUMUT,NSW,-35:21:43,-148:12:55
2721,QUANDIALLA,NSW,-34:1:0,-147:47:0
2722,NANGUS,NSW,-34:58:24,-147:59:49
2726,JUGIONG,NSW,-34:49:28,-148:19:51
2727,COOLAC,NSW,-34:54:04,-148:13:03
2729,WONDALGA,NSW,-35:13:2,-147:49:31
2730,BATLOW,NSW,-35:29:49,-148:00:31
2733,MOULAMEIN,NSW,-35:5:23,-144:2:25
2734,KYALITE,NSW,-34:57:06,-143:28:51
2736,TOOLEYBUC,NSW,-35:1:49,-143:20:9
2737,EUSTON,NSW,-34:32:34,-142:47:30
2738,MONAK,NSW,-34:11:15,-142:14:6
2745,WALLACIA,NSW,-33:50:29,-150:39:2
2747,WERRINGTON DOWNS,NSW,-33:46:2,-150:44:40
2748,ORCHARD HILLS,NSW,-33:48:10,-150:42:32
2749,CRANEBROOK,NSW,-33:42:0,-150:43:30
2750,PENRITH BC,NSW,-33:45:28,-150:41:31
2752,WARRAGAMBA,NSW,-33:53:19,-150:35:35
2753,YARRAMUNDI,NSW,-33:35:46,-150:41:59
2754,NORTH RICHMOND,NSW,-33:34:49,-150:42:18
2755,RICHMOND,NSW,-33:36:7,-150:45:58
2756,WINDSOR,NSW,-33:36:59,-150:48:39
2757,KURMOND,NSW,-33:33:6,-150:41:42
2758,KURRAJONG,NSW,-33:31:19,-150:37:36
2759,MOUNT VERNON,NSW,-33:50:18,-150:47:29
2760,ST MARYS,NSW,-33:45:02,-150:46:03
2761,PLUMPTON,NSW,-33:44:33,-150:50:35
2763,QUAKERS HILL,NSW,-33:44:18,-150:54:52
2764,QUAKERS HILL,NSW,-33:43:46,-150:52:32
2765,VINEYARD,NSW,-33:41:7,-150:54:15
2766,ROOTY HILL,NSW,-33:49:40,-150:52:23
2767,WOODCROFT,NSW,-33:47:35,-150:52:10
2770,WILLMOT,NSW,-33:47:16,-150:48:51
2773,LAPSTONE,NSW,-33:46:35,-150:37:37
2774,WARRIMOO,NSW,-33:45:27,-150:36:35
2775,WISEMANS FERRY,NSW,-33:26:47,-151:9:10
2776,FAULCONBRIDGE,NSW,-33:41:55,-150:31:51
2777,WINMALEE,NSW,-33:42:11,-150:33:58
2778,LINDEN,NSW,-33:42:60,-150:30:13
2779,HAZELBROOK,NSW,-33:44:10,-150:27:33
2780,MEDLOW BATH,NSW,-33:53:28,-150:23:2
2782,WENTWORTH FALLS,NSW,-33:45:20,-150:22:15
2783,LAWSON,NSW,-33:43:38,-150:26:24
2785,MEGALONG,NSW,-33:39:51,-150:17:42
2786,MOUNT WILSON,NSW,-33:35:48,-150:15:24
2787,TARANA,NSW,-34:8:48,-150:25:33
2790,SODWALLS,NSW,-33:50:2,-149:59:22
2791,CARCOAR,NSW,-33:38:53,-149:10:46
2792,MANDURAMA,NSW,-33:37:33,-149:7:37
2793,WOODSTOCK,NSW,-33:55:2,-148:56:30
2794,WESTVILLE,NSW,-33:51:1,-148:40:46
2795,YETHOLME,NSW,-33:14:2,-149:59:27
2797,LYNDHURST,NSW,-33:39:16,-149:4:9
2798,TALLWOOD,NSW,-33:27:42,-149:7:13
2799,VITTORIA,NSW,-33:33:31,-149:18:22
2800,SPRING HILL,NSW,-33:17:59,-149:6:8
2803,WIRRIMAH,NSW,-34:7:26,-148:24:13
2804,CANOWINDRA,NSW,-33:30:43,-148:47:44
2805,GOOLOOGONG,NSW,-33:30:59,-148:19:36
2806,EUGOWRA,NSW,-33:15:7,-148:20:6
2807,KOORAWATHA,NSW,-34:2:10,-148:33:14
2808,WYANGALA DAM,NSW,-33:58:20,-148:56:54
2809,GREENETHORPE,NSW,-33:54:12,-148:27:58
2810,PULLABOOKA,NSW,-34:6:9,-148:0:52
2820,WELLINGTON,NSW,-32:33:32,-148:56:26
2821,NARROMINE,NSW,-32:17:5,-148:2:32
2823,TRANGIE,NSW,-32:2:9,-147:58:43
2824,WARREN,NSW,-31:44:19,-147:51:47
2825,NYNGAN,NSW,-31:56:26,-146:55:42
2827,GILGANDRA,NSW,-31:39:57,-148:18:4
2828,WARRUMBUNGLE,NSW,-31:15:16,-148:51:20
2829,COONAMBLE,NSW,-31:12:31,-148:07:58
2830,MURONBUNG,NSW,-32:14:3,-148:34:57
2831,WONGARBON,NSW,-32:3:59,-146:18:49
2832,WALGETT,NSW,-30:7:1,-148:7:34
2833,POKATAROO,NSW,-29:34:20,-148:32:36
2834,LIGHTNING RIDGE,NSW,-29:25:58,-147:58:51
2835,COBAR,NSW,-31:57:5,-145:7:32
2836,WILCANNIA,NSW,-30:51:11,-143:05:15
2839,WEILMORINGLE,NSW,-29:58:34,-146:51:39
2840,YANTABULLA,NSW,-29:10:42,-146:15:49
2842,NEW MOLLYAN,NSW,-31:49:27,-149:6:59
2843,COOLAH,NSW,-31:59:49,-149:37:59
2844,TUCKLAN,NSW,-32:01:19,-149:23:38
2845,WALLERAWANG,NSW,-33:21:39,-150:1:50
2846,GLEN DAVIS,NSW,-33:2:32,-149:54:26
2847,PORTLAND,NSW,-33:24:24,-149:56:48
2848,KANDOS,NSW,-32:53:44,-149:58:44
2849,RYLSTONE,NSW,-32:37:51,-150:3:41
2850,YARRAWONGA,NSW,-32:25:17,-150:15:48
2852,TWO MILE FLAT,NSW,-32:16:7,-149:44:17
2864,TOOGONG,NSW,-33:16:46,-148:45:44
2865,MANILDRA,NSW,-33:11:1,-148:42:4
2866,MOLONG,NSW,-32:57:4,-149:0:16
2867,CUMNOCK,NSW,-32:56:21,-148:32:14
2868,YEOVAL,NSW,-32:45:1,-148:38:45
2869,TREWILGA,NSW,-32:40:56,-148:19:58
2870,TICHBORNE,NSW,-32:54:14,-148:22:50
2871,WIRRINYA,NSW,-33:26:21,-147:32:30
2873,TOTTENHAM,NSW,-32:15:58,-147:23:27
2874,TULLAMORE,NSW,-32:38:03,-147:33:58
2875,YARRABANDI,NSW,-33:7:51,-147:26:16
2876,GUNNINGBLAND,NSW,-33:9:43,-147:49:59
2877,MOUNT HOPE,NSW,-33:24:50,-147:20:12
2878,TRIDA,NSW,-32:10:15,-144:11:55
2879,MENINDEE,NSW,-32:20:1,-142:24:59
2880,TIBOOBURRA,NSW,-31:3:0,-142:19:36
2898,LORD HOWE ISLAND,NSW,-31:32:24,-159:04:48
2899,NORFOLK ISLAND,NSW,-29:03:00,-167:55:59
2900,TUGGERANONG,ACT,-35:25:04,-149:03:55
2902,KAMBAH,ACT,-35:22:26,-149:4:30
2903,WANNIASSA,ACT,-35:24:19,-149:05:32
2904,MONASH,ACT,-35:23:07,-149:06:58
2905,THEODORE,ACT,-35:24:41,-149:8:24
2906,GORDON,ACT,-35:27:18,-149:6:24
2911,MITCHELL,ACT,-35:12:47,-149:8:34
3000,MELBOURNE,VIC,-37:49:4,-144:57:40
3002,EAST MELBOURNE,VIC,-37:49:2,-144:58:55
3003,WEST MELBOURNE,VIC,-37:48:51,-144:57:2
3004,ST KILDA ROAD MELBOURNE,VIC,-37:51:22,-144:58:48
3005,WORLD TRADE CENTRE,VIC,-37:49:24,-144:57:14
3011,SEDDON,VIC,-37:48:32,-144:53:41
3012,WEST FOOTSCRAY,VIC,-37:46:54,-144:52:42
3013,YARRAVILLE,VIC,-37:49:29,-144:53:52
3015,SPOTSWOOD,VIC,-37:50:12,-144:53:11
3016,WILLIAMSTOWN,VIC,-37:52:15,-144:54:25
3018,SEAHOLME,VIC,-37:51:14,-144:50:51
3019,BRAYBROOK,VIC,-37:47:58,-144:51:3
3020,SUNSHINE,VIC,-37:46:38,-144:49:9
3021,ST ALBANS,VIC,-37:44:39,-144:47:53
3022,ARDEER,VIC,-37:47:16,-144:48:06
3023,DEER PARK,VIC,-37:46:39,-144:46:20
3025,ALTONA NORTH,VIC,-37:50:44,-144:50:34
3026,LAVERTON NORTH,VIC,-37:49:56,-144:48:12
3028,LAVERTON,VIC,-37:53:1,-144:44:59
3029,TRUGANINA,VIC,-37:50:2,-144:44:48
3030,WERRIBEE,VIC,-37:45:51,-144:37:17
3031,KENSINGTON,VIC,-37:46:59,-144:56:3
3032,TRAVANCORE,VIC,-37:46:39,-144:53:21
3033,KEILOR EAST,VIC,-37:44:20,-144:50:41
3034,AVONDALE HEIGHTS,VIC,-37:45:35,-144:52:24
3036,KEILOR,VIC,-37:43:58,-144:50:41
3038,TAYLORS LAKES,VIC,-37:43:34,-144:45:24
3039,MOONEE PONDS,VIC,-37:46:05,-144:55:22
3040,ESSENDON WEST,VIC,-37:45:25,-144:53:56
3041,STRATHMORE HEIGHTS,VIC,-37:43:32,-144:53:45
3042,NIDDRIE,VIC,-37:42:52,-144:51:7
3043,TULLAMARINE,VIC,-37:41:23,-144:52:52
3044,WESTBREEN,VIC,-37:43:55,-144:55:31
3045,MELBOURNE AIRPORT,VIC,-37:39:34,-144:49:48
3046,OAK PARK,VIC,-37:42:24,-144:55:2
3047,JACANA,VIC,-37:41:2,-144:54:56
3048,MEADOW HEIGHTS,VIC,-37:39:46,-144:56:36
3049,WESTMEADOWS,VIC,-37:39:43,-144:52:44
3050,ROYAL MELBOURNE HOSPITAL,VIC,-37:48:00,-144:57:17
3051,NORTH MELBOURNE,VIC,-37:48:7,-144:57:7
3052,PARKVILLE,VIC,-37:46:59,-144:56:42
3053,CARLTON,VIC,-37:48:05,-144:57:48
3054,CARLTON NORTH,VIC,-37:47:5,-144:57:38
3055,BRUNSWICK WEST,VIC,-37:45:58,-144:56:14
3056,BRUNSWICK,VIC,-37:46:24,-144:57:35
3057,BRUNSWICK EAST,VIC,-37:46:11,-144:58:40
3058,MORELAND,VIC,-37:43:55,-144:58:48
3059,GREENVALE,VIC,-37:39:18,-144:52:22
3060,FAWKNER,VIC,-37:41:30,-144:57:28
3061,CAMPBELLFIELD,VIC,-37:41:07,-144:57:47
3062,SOMERTON,VIC,-37:37:24,-144:56:45
3063,YUROKE,VIC,-37:36:11,-144:52:50
3064,ROXBURGH PARK,VIC,-37:31:52,-144:56:43
3065,FITZROY,VIC,-37:48:32,-144:58:26
3066,COLLINGWOOD,VIC,-37:48:34,-144:59:22
3067,ABBOTSFORD,VIC,-37:48:38,-145:00:15
3068,FITZROY NORTH,VIC,-37:47:27,-145:00:00
3070,NORTHCOTE,VIC,-37:46:25,-144:59:25
3071,THORNBURY,VIC,-37:45:24,-144:58:48
3072,PRESTON,VIC,-37:44:53,-145:0:27
3073,RESERVOIR,VIC,-37:43:56,-145:0:48
3074,THOMASTOWN,VIC,-37:41:45,-145:1:51
3075,LALOR,VIC,-37:40:23,-145:1:31
3076,EPPING DC,VIC,-37:38:14,-145:01:28
3078,FAIRFIELD,VIC,-37:46:43,-145:1:52
3079,IVANHOE EAST,VIC,-37:46:01,-145:02:41
3081,HEIDELBERG WEST,VIC,-37:45:16,-145:3:18
3082,MILL PARK,VIC,-37:39:32,-145:4:29
3083,KINGSBURY,VIC,-37:42:13,-145:4:26
3084,VIEWBANK,VIC,-37:45:26,-145:03:22
3085,YALLAMBIE,VIC,-37:43:25,-145:5:33
3087,WATSONIA,VIC,-37:42:59,-145:5:1
3088,SAINT HELENA,VIC,-37:42:13,-145:6:11
3089,DIAMOND CREEK,VIC,-37:40:25,-145:9:1
3090,PLENTY,VIC,-37:40:20,-145:7:18
3091,YARRAMBAT,VIC,-37:38:26,-145:07:45
3093,LOWER PLENTY,VIC,334470::,-5823840::
3096,WATTLE GLEN,VIC,-37:40:4,-145:10:41
3097,KANGAROO GROUND,VIC,-37:41:60,-145:12:60
3099,STRATHEWEN,VIC,-37:35:18,-145:12:20
3101,KEW,VIC,-37:47:28,-145:1:22
3102,KEW EAST,VIC,-37:47:6,-145:3:34
3103,BALWYN,VIC,-37:48:44,-145:5:30
3104,BALWYN NORTH,VIC,-37:47:40,-145:4:14
3105,BULLEEN,VIC,-37:46:5,-145:5:26
3106,TEMPLESTOWE,VIC,-37:45:41,-145:7:37
3107,TEMPLESTOWE LOWER,VIC,-37:46:8,-145:6:17
3108,DONCASTER,VIC,-37:47:11,-145:07:28
3109,DONCASTER EAST,VIC,-37:47:26,-145:10:07
3111,DONVALE,VIC,-37:47:29,-145:10:14
3113,WARRANDYTE,VIC,-37:44:8,-145:12:23
3115,WONGA PARK,VIC,-37:44:24,-145:16:6
3116,CHIRNSIDE PARK,VIC,-37:45:29,-145:18:40
3121,RICHMOND,VIC,-37:49:57,-144:59:59
3122,HAWTHORN,VIC,-37:50:42,-145:2:25
3123,HAWTHORN EAST,VIC,-37:50:04,-145:03:17
3124,CAMBERWELL,VIC,-37:49:44,-145:03:26
3125,BURWOOD,VIC,-37:51:27,-145:06:43
3126,CANTERBURY,VIC,-37:49:21,-145:3:31
3127,SURREY HILLS,VIC,-37:49:41,-145:5:51
3128,BOX HILL SOUTH,VIC,-37:50:27,-145:7:54
3129,MONT ALBERT NORTH,VIC,-37:48:53,-145:07:04
3130,BLACKBURN SOUTH,VIC,-37:50:22,-145:8:6
3131,NUNAWADING,VIC,-37:50:57,-145:09:60
3132,MITCHAM,VIC,-37:49:20,-145:11:13
3133,VERMONT SOUTH,VIC,-37:50:4,-145:11:10
3134,WARRANWOOD,VIC,-37:50:2,-145:13:9
3135,RINGWOOD EAST,VIC,-37:48:21,-145:15:31
3136,CROYDON SOUTH,VIC,-37:47:02,-145:16:35
3137,KILSYTH SOUTH,VIC,-37:48:43,-145:18:30
3138,MOOROOLBARK,VIC,-37:46:29,-145:18:20
3139,YELLINGBO,VIC,-37:46:60,-145:25:49
3140,LILYDALE,VIC,-37:45:4,-145:20:60
3141,SOUTH YARRA,VIC,-37:50:25,-144:59:35
3142,TOORAK,VIC,-37:50:30,-145:00:24
3143,ARMADALE,VIC,-37:51:30,-145:01:35
3144,MALVERN,VIC,-37:51:29,-145:01:42
3145,MALVERN EAST,VIC,-37:52:46,-145:2:37
3146,GLEN IRIS,VIC,-37:50:51,-145:2:48
3147,ASHWOOD,VIC,-37:52:12,-145:4:43
3148,CHADSTONE,VIC,-37:53:12,-145:04:48
3149,MOUNT WAVERLEY,VIC,-37:52:34,-145:08:13
3150,WHEELERS HILL,VIC,-37:53:34,-145:10:15
3151,BURWOOD EAST,VIC,-37:51:11,-145:07:58
3152,WANTIRNA SOUTH,VIC,-37:52:12,-145:14:13
3153,BAYSWATER NORTH,VIC,-37:50:2,-145:16:3
3154,THE BASIN,VIC,-37:51:30,-145:18:50
3155,BORONIA,VIC,-37:50:29,-145:17:50
3156,UPPER FERNTREE GULLY,VIC,-37:56:04,-145:16:28
3158,UPWEY,VIC,-37:54:24,-145:19:1
3159,SELBY,VIC,-37:54:21,-145:24:2
3160,TECOMA,VIC,-37:54:39,-145:21:19
3161,CAULFIELD NORTH,VIC,-37:52:50,-145:2:2
3162,CAULFIELD SOUTH,VIC,-37:52:59,-145:0:54
3163,MURRUMBEENA,VIC,-37:53:33,-145:3:53
3165,BENTLEIGH EAST,VIC,-37:54:37,-145:3:40
3166,OAKLEIGH EAST,VIC,-37:54:40,-145:5:59
3167,OAKLEIGH SOUTH,VIC,-37:55:29,-145:4:59
3168,NOTTING HILL,VIC,-37:55:34,-145:8:2
3169,CLAYTON SOUTH,VIC,-37:56:36,-145:7:37
3170,MULGRAVE,VIC,-37:55:38,-145:11:15
3171,SPRINGVALE,VIC,-37:55:48,-145:8:32
3172,SPRINGVALE SOUTH,VIC,-37:58:35,-145:07:58
3173,KEYSBOROUGH,VIC,-38:0:0,-145:10:58
3174,NOBLE PARK NORTH,VIC,-37:57:12,-145:10:46
3175,DANDENONG SOUTH,VIC,-37:59:19,-145:12:54
3177,DOVETON,VIC,-38:00:14,-145:13:46
3178,ROWVILLE,VIC,-37:55:11,-145:14:7
3179,SCORESBY,VIC,-37:54:5,-145:13:28
3180,KNOXFIELD,VIC,-37:54:0,-145:15:22
3181,WINDSOR,VIC,-37:51:30,-144:59:4
3182,ST KILDA WEST,VIC,-37:52:06,-144:58:38
3183,ST KILDA EAST,VIC,-37:52:16,-145:0:7
3184,ELWOOD,VIC,-37:53:27,-144:58:59
3185,RIPPONLEA,VIC,-37:52:58,-144:59:53
3186,BRIGHTON,VIC,-37:54:34,-144:59:28
3187,BRIGHTON EAST,VIC,-37:54:46,-145:00:46
3188,HAMPTON EAST,VIC,-37:56:5,-145:1:23
3189,MOORABBIN EAST,VIC,-37:56:36,-145:02:25
3190,HIGHETT,VIC,-37:57:20,-145:2:20
3191,SANDRINGHAM,VIC,-37:56:50,-144:59:42
3192,SOUTHLAND CENTRE,VIC,-37:57:37,-145:3:17
3193,BLACK ROCK,VIC,-37:58:14,-145:0:35
3194,MOORABBIN AIRPORT,VIC,-37:58:51,-145:5:35
3195,PARKDALE,VIC,-38:1:34,-145:6:3
3196,EDITHVALE,VIC,-38:2:57,-145:7:26
3197,PATTERSON LAKES,VIC,-38:4:38,-145:7:13
3198,SEAFORD,VIC,-38:07:08,-145:07:57
3199,FRANKSTON,VIC,-38:10:33,-145:8:29
3200,FRANKSTON NORTH,VIC,-38:08:21,-145:10:02
3201,CARRUM DOWNS,VIC,-38:04:20,-145:10:38
3202,HEATHERTON,VIC,-37:57:11,-145:5:52
3204,ORMOND,VIC,-37:55:19,-145:1:19
3205,SOUTH MELBOURNE DC,VIC,-37:49:21,-144:57:46
3206,MIDDLE PARK,VIC,-37:51:12,-144:57:34
3207,PORT MELBOURNE,VIC,277815::,-5786605::
3214,NORTH SHORE,VIC,-38:6:5,-144:21:16
3215,NORTH GEELONG,VIC,-38:6:54,-144:21:25
3216,WAURN PONDS,VIC,-38:09:29,-144:18:47
3217,DEAKIN UNIVERSITY,VIC,-38:11:48,-144:18:05
3218,MANIFOLD HEIGHTS,VIC,-38:8:25,-144:18:58
3219,WHITTINGTON,VIC,-38:10:30,-144:23:57
3220,GEELONG,VIC,-38:9:10,-144:21:22
3221,WYE RIVER,VIC,-38:10:23,-144:16:13
3222,MARCUS HILL,VIC,-38:10:48,-144:36:21
3223,ST LEONARDS,VIC,-38:7:4,-144:38:36
3224,LEOPOLD,VIC,-38:11:34,-144:28:10
3225,QUEENSCLIFF,VIC,-38:15:57,-144:40:9
3226,OCEAN GROVE,VIC,-38:15:55,-144:30:50
3227,CONNEWARRE,VIC,-38:16:40,-144:29:10
3228,TORQUAY,VIC,-38:19:55,-144:18:53
3230,ANGLESEA,VIC,-38:24:53,-144:09:41
3232,LORNE,VIC,-38:32:58,-143:58:28
3233,SKENES CREEK,VIC,-38:45:28,-143:39:57
3235,DEANS MARSH,VIC,-38:23:55,-143:53:08
3236,FORREST,VIC,-38:31:8,-143:42:37
3237,GELLIBRAND LOWER,VIC,-38:44:33,-143:17:18
3239,KENNEDYS CREEK,VIC,-38:38:5,-143:29:39
3240,MOUNT MORIAC,VIC,-38:14:33,-144:10:25
3241,WURDIBOLUC,VIC,-38:14:18,-143:59:37
3242,BIRREGURRA,VIC,-38:20:1,-143:46:57
3243,WARNCOORT,VIC,-38:29:59,-143:52:23
3249,YEODENE,VIC,-38:13:32,-143:31:41
3250,ELLIMINYT,VIC,-38:20:43,-143:35:26
3251,WEERING,VIC,-38:11:46,-143:38:13
3254,COROROOKE,VIC,-38:17:21,-143:31:15
3260,STONYFORD,VIC,-38:19:16,-143:18:39
3264,TERANG,VIC,-38:14:43,-142:55:36
3265,THE SISTERS,VIC,677000::,-5752300::
3268,TIMBOON,VIC,-38:29:6,-142:58:48
3269,PRINCETOWN,VIC,-38:37:24,-143:0:0
3270,PETERBOROUGH,VIC,-38:36:23,-142:52:44
3271,PURA PURA,VIC,-37:48:58,-143:4:24
3272,WOORNDOO,VIC,-38:3:25,-142:48:40
3273,HEXHAM,VIC,-38:05:13,-142:32:10
3274,CARAMUT,VIC,-37:57:37,-142:30:59
3277,NARINGAL,VIC,-38:24:23,-142:42:11
3280,WARRNAMBOOL,VIC,-38:22:35,-142:28:12
3281,WOODFORD,VIC,-38:20:13,-142:30:29
3282,MALONES,VIC,-38:19:07,-142:22:36
3284,PORT FAIRY,VIC,-38:22:8,-142:14:4
3285,YAMBUK,VIC,-38:13:03,-141:42:26
3286,MACARTHUR,VIC,-38:2:9,-141:54:48
3287,MINHAMITE,VIC,-38:8:17,-142:20:23
3289,PENSHURST,VIC,-37:57:60,-142:14:13
3292,NELSON,VIC,-38:03:04,-141:00:25
3293,GLENTHOMPSON,VIC,-37:41:16,-142:32:45
3294,VICTORIA VALLEY,VIC,-37:24:39,-142:24:31
3300,HAMILTON,VIC,-37:41:00,-142:00:59
3302,BRANXHOLME,VIC,-37:49:42,-141:49:35
3303,CONDAH,VIC,-37:57:15,-141:44:24
3304,WINNAP,VIC,-37:50:25,-140:58:18
3305,PORTLAND,VIC,-38:20:59,-141:36:16
3310,MERINO,VIC,-37:43:18,-141:32:49
3311,CASTERTON,VIC,-37:34:0,-141:31:4
3315,NAREEN,VIC,-37:27:32,-141:54:49
3317,HARROW,VIC,-37:09:59,-141:35:25
3318,LANGKOOP,VIC,-37:2:22,-141:17:50
3319,BENAYEO,VIC,-36:47:31,-141:3:30
3321,INVERLEIGH,VIC,-38:6:25,-144:2:53
3322,CRESSY,VIC,-38:2:1,-143:38:38
3323,DUVERNEY,VIC,-37:59:10,-143:29:17
3324,LISMORE,VIC,-37:57:14,-143:20:5
3325,DERRINALLUM,VIC,-37:52:37,-143:10:18
3328,TEESDALE,VIC,-38:1:29,-144:1:15
3330,ROKEWOOD,VIC,-37:54:06,-143:42:58
3331,SUTHERLANDS CREEK,VIC,-37:53:51,-144:7:52
3332,LETHBRIDGE,VIC,-37:58:4,-144:8:26
3333,MEREDITH,VIC,-37:50:50,-144:04:33
3334,MORRISONS,VIC,-37:47:29,-144:1:49
3335,ROCKBANK,VIC,-37:43:38,-144:39:09
3337,TOOLERN VALE,VIC,-37:39:20,-144:39:39
3338,MELTON SOUTH,VIC,-37:42:14,-144:34:15
3340,ROWSLEY,VIC,-37:40:37,-144:26:14
3341,MYRNIONG,VIC,-37:33:32,-144:21:31
3342,MOUNT WALLACE,VIC,-37:36:4,-144:13:15
3345,GORDON,VIC,-37:35:2,-144:6:23
3350,SOVEREIGN HILL,VIC,-37:32:46,-143:52:35
3351,WESTMERE,VIC,-37:40:32,-143:35:52
3352,YENDON,VIC,-37:37:40,-143:53:60
3355,WENDOUREE,VIC,-37:31:54,-143:50:49
3356,SEBASTOPOL,VIC,-37:36:25,-143:50:12
3357,BUNINYONG,VIC,-37:39:09,-143:53:01
3360,LINTON,VIC,-37:44:33,-143:29:32
3361,SKIPTON,VIC,-37:41:8,-143:21:58
3363,CRESWICK,VIC,-37:25:34,-143:53:35
3364,ULLINA,VIC,-37:26:31,-143:48:52
3370,CLUNES,VIC,-37:17:44,-143:46:51
3371,TALBOT,VIC,-37:10:23,-143:41:59
3373,TRAWALLA,VIC,-37:24:41,-143:20:24
3375,BUANGOR,VIC,-37:22:25,-143:11:52
3377,WARRAK,VIC,-37:16:0,-142:53:20
3378,TATYOON,VIC,-37:31:27,-142:56:39
3380,STAWELL,VIC,-37:3:3,-142:46:57
3381,POMONAL,VIC,-37:17:53,-142:36:13
3384,NAVARRE,VIC,-37:0:40,-143:7:52
3387,MARNOO,VIC,-36:40:25,-142:52:8
3388,RUPANYUP,VIC,-36:37:8,-142:44:4
3390,MURTOA,VIC,-36:37:1,-142:28:14
3391,BRIM,VIC,-36:4:52,-142:25:14
3392,SHEEP HILLS,VIC,-36:27:37,-142:35:13
3393,WARRACKNABEAL,VIC,-36:07:16,-142:16:10
3395,BEULAH,VIC,-35:50:19,-142:25:22
3396,HOPETOUN,VIC,-35:43:49,-142:21:28
3400,HORSHAM,VIC,-36:42:53,-142:11:56
3401,WOMBELANO,VIC,-36:40:58,-142:13:52
3407,VASEY,VIC,-37:17:51,-141:40:13
3409,NATIMUK,VIC,-36:44:45,-141:56:7
3412,GOROKE,VIC,-36:42:55,-141:29:13
3413,PERONNE,VIC,-36:42:58,-141:10:41
3414,DIMBOOLA,VIC,-36:27:1,-142:1:60
3418,YANAC,VIC,-36:24:18,-141:28:22
3419,KANIVA,VIC,-36:21:46,-141:06:50
3420,SERVICETON,VIC,-36:22:28,-140:58:60
3423,JEPARIT,VIC,-36:8:38,-142:1:13
3424,YAAPEET,VIC,-35:53:46,-141:59:26
3427,DIGGERS REST,VIC,-37:38:2,-144:41:58
3428,BULLA,VIC,-37:35:32,-144:49:19
3429,SUNBURY,VIC,-37:34:48,-144:43:46
3430,CLARKEFIELD,VIC,-37:29:7,-144:44:41
3431,RIDDELLS CREEK,VIC,-37:27:38,-144:40:48
3434,ROMSEY,VIC,-37:20:54,-144:44:48
3435,LANCEFIELD,VIC,-37:16:46,-144:44:6
3437,GISBORNE,VIC,-37:31:18,-144:35:09
3438,NEW GISBORNE,VIC,-37:28:24,-144:35:48
3440,MACEDON,VIC,-37:23:06,-144:34:28
3441,MOUNT MACEDON,VIC,-37:23:6,-144:34:32
3442,WOODEND,VIC,-37:21:31,-144:31:38
3444,TYLDEN,VIC,-37:8:58,-144:37:37
3446,MALMSBURY,VIC,-37:11:25,-144:23:7
3447,TARADALE,VIC,-37:08:28,-144:19:10
3448,SUTTON GRANGE,VIC,-37:6:46,-144:20:1
3450,CASTLEMAINE,VIC,-37:3:27,-144:12:27
3451,MUCKLEFORD,VIC,-37:5:4,-144:10:34
3453,RAVENSWOOD,VIC,-36:59:49,-144:18:13
3458,TRENTHAM,VIC,-37:25:59,-144:17:45
3460,DAYLESFORD,VIC,-37:20:32,-144:8:10
3461,YANDOIT,VIC,-37:15:53,-144:8:53
3462,NEWSTEAD,VIC,-37:06:35,-144:03:38
3463,WOODSTOCK WEST,VIC,-36:59:51,-144:2:54
3464,CARISBROOK,VIC,-37:2:36,-143:48:56
3465,WAREEK,VIC,-37:04:33,-143:44:51
3467,AVOCA,VIC,-37:5:36,-143:28:3
3468,MOUNT LONARCH,VIC,-37:15:35,-143:20:16
3469,ELMHURST,VIC,-37:11:51,-143:18:35
3472,MOLIAGUL,VIC,-36:43:29,-143:38:44
3475,LOGAN,VIC,-36:44:6,-143:26:9
3478,STUART MILL,VIC,-36:36:45,-143:13:55
3480,LITCHFIELD,VIC,-36:22:12,-142:58:52
3482,WATCHEM,VIC,-36:8:33,-142:45:34
3483,BIRCHIP,VIC,-35:58:59,-142:55:8
3485,WOOMELANG,VIC,-35:38:45,-142:39:47
3487,LASCELLES,VIC,-35:27:37,-142:40:42
3488,SPEED,VIC,-35:24:11,-142:26:10
3489,TEMPY,VIC,-35:17:13,-142:24:33
3490,OUYEN,VIC,-34:46:44,-142:16:44
3491,PATCHEWOLLOCK,VIC,-35:23:03,-142:11:25
3494,NANGILOC,VIC,-34:28:37,-142:21:17
3496,WERRIMULL,VIC,-34:27:17,-142:12:4
3498,IRYMPLE,VIC,-34:14:14,-142:10:14
3500,PARINGI,NSW,-33:53:31,-142:38:57
3501,NICHOLS POINT,VIC,36219::,-54::
3509,UNDERBOOL,VIC,-35:10:15,-141:48:30
3512,MURRAYVILLE,VIC,-35:19:36,-141:10:22
3515,MARONG,VIC,-36:44:17,-144:7:58
3516,LEICHARDT,VIC,-36:36:12,-143:56:19
3517,SERPENTINE,VIC,-36:31:28,-143:50:41
3518,WEDDERBURN,VIC,-36:18:50,-143:33:00
3520,KORONG VALE,VIC,-36:21:30,-143:42:15
3521,PYALONG,VIC,-37:3:45,-145:0:5
3522,TOOBORAC,VIC,-37:03:24,-144:46:12
3523,KNOWSLEY,VIC,-36:55:13,-144:42:15
3525,WYCHITELLA,VIC,-36:16:15,-143:20:51
3527,WYCHEPROOF,VIC,-36:4:44,-143:13:24
3529,NULLAWIL,VIC,-35:52:41,-143:11:60
3530,CULGOA,VIC,-35:43:21,-143:6:11
3531,BERRIWILLOCK,VIC,-35:38:12,-142:59:37
3533,SEA LAKE,VIC,-35:30:12,-142:51:2
3537,GREDGWIN,VIC,-35:58:22,-143:37:6
3540,QUAMBATOOK,VIC,-35:50:33,-143:30:27
3542,LALBERT,VIC,-35:45:28,-143:26:33
3544,WAITCHIE,VIC,-35:28:21,-143:15:46
3546,MANANGATANG,VIC,-35:03:06,-142:52:58
3549,ROBINVALE,VIC,-34:34:52,-142:46:34
3550,WHITE HILLS,VIC,-36:45:37,-144:15:31
3551,TOOLLEEN,VIC,-36:48:15,-144:17:59
3555,KANGAROO FLAT,VIC,-36:45:51,-144:14:31
3556,SEBASTIAN,VIC,-36:43:13,-144:14:48
3557,GOORNONG,VIC,-36:36:58,-144:30:3
3558,HUNTER,VIC,-36:31:45,-144:38:28
3559,COROP,VIC,-36:30:60,-144:45:34
3561,ROCHESTER,VIC,-36:21:41,-144:42:6
3562,TORRUMBARRY,VIC,-36:1:50,-144:30:50
3563,LOCKINGTON,VIC,-36:16:14,-144:32:7
3564,SIMMIE,VIC,-36:07:55,-144:44:59
3566,GUNBOWER,VIC,-35:57:32,-144:22:15
3567,MINCHA WEST,VIC,-35:54:21,-144:17:59
3568,COHUNA,VIC,-35:48:39,-144:12:46
3570,RAYWOOD,VIC,-36:25:15,-144:23:40
3571,TANDARRA,VIC,-36:22:15,-144:13:46
3573,MITIAMO,VIC,-36:9:39,-144:15:23
3575,YARRAWALLA,VIC,-35:59:25,-144:12:05
3576,DURHAM OX,VIC,-36:7:33,-143:55:16
3579,MURRABIT,VIC,-35:44:05,-143:55:12
3580,KOONDROOK,VIC,-35:37:56,-144:7:4
3584,LAKE BOGA,VIC,-35:27:38,-143:37:45
3585,SWAN HILL,VIC,-35:06:04,-143:31:40
3588,WOORINEN SOUTH,VIC,-35:17:31,-143:27:6
3591,VINIFERA,VIC,-35:11:54,-143:23:6
3594,NYAH,VIC,-35:7:49,-143:21:21
3595,NYAH WEST,VIC,-35:11:29,-143:20:39
3597,PIANGIL,VIC,-34:53:19,-143:10:24
3599,BOUNDARY BEND,VIC,-34:42:52,-143:08:57
3608,WAHRING,VIC,-36:50:52,-144:55:50
3610,MURCHISON,VIC,-36:37:18,-145:12:59
3612,WANALTA,VIC,-36:35:35,-145:00:32
3614,TOOLAMBA,VIC,-36:29:54,-145:20:13
3616,TOOLAMBA EAST,VIC,-36:26:41,-145:13:19
3620,WYUNA,VIC,-36:18:53,-145:02:47
3621,YAMBUNA,VIC,-36:15:19,-144:56:44
3622,STRATHALLAN,VIC,-36:14:41,-144:46:55
3623,STANHOPE,VIC,-36:26:59,-144:58:54
3629,UNDERA,VIC,-36:23:43,-145:21:35
3630,SHEPPARTON,VIC,356397::,-5972474::
3631,TAMLEUGH WEST,VIC,-36:24:44,-145:27:39
3633,CONGUPNA,VIC,-36:19:36,-145:24:56
3634,TALLYGAROOPNA,VIC,-36:13:47,-145:33:28
3635,WUNGHNU,VIC,-36:09:55,-145:23:28
3636,NUMURKAH,VIC,-36:5:47,-145:25:57
3638,NATHALIA,VIC,-35:59:4,-145:16:52
3639,PICOLA,VIC,-35:57:42,-144:58:18
3640,KATUNGA,VIC,-35:59:13,-145:30:23
3641,STRATHMERTON,VIC,-35:56:4,-145:26:30
3644,YARROWEYAH,VIC,-35:54:58,-145:39:8
3647,DOOKIE COLLEGE,VIC,-36:23:9,-145:42:14
3658,STRATH CREEK,VIC,-37:10:41,-145:09:05
3659,TALLAROOK,VIC,-37:5:38,-145:6:6
3660,TRAWOOL,VIC,-37:7:19,-145:24:42
3662,PUCKAPUNYAL MILPO,VIC,-36:59:36,-145:0:40
3663,MANGALORE,VIC,-36:53:55,-145:10:48
3664,AVENEL,VIC,-36:55:2,-145:12:18
3665,LONGWOOD,VIC,-36:48:14,-145:25:06
3666,STRATHBOGIE,VIC,-36:51:06,-145:40:19
3669,VIOLET TOWN,VIC,-36:43:23,-145:42:58
3670,WARRENBAYNE,VIC,-36:36:12,-145:52:21
3672,BENALLA,VIC,-36:33:28,-145:58:6
3673,WINTON,VIC,-36:34:53,-146:7:41
3675,HANSONVILLE,VIC,-36:25:02,-146:12:48
3677,WANGARATTA,VIC,-36:22:07,-146:17:48
3678,OXLEY,VIC,-36:23:9,-146:12:15
3682,SPRINGHURST,VIC,-36:11:28,-146:29:45
3683,CHILTERN,VIC,-36:9:4,-146:36:43
3685,RUTHERGLEN,VIC,-36:3:20,-146:27:46
3687,WAHGUNYAH,VIC,-36:1:1,-146:23:49
3688,WOORAGEE NORTH,VIC,-36:06:34,-146:43:24
3690,WODONGA,VIC,-36:7:19,-146:53:2
3691,TANGAMBALANGA,VIC,-36:15:5,-146:50:40
3697,TAWONGA,VIC,-36:41:40,-147:12:17
3699,MOUNT BEAUTY,VIC,-36:44:05,-147:09:16
3700,TALLANGATTA,VIC,-36:14:33,-147:12:00
3701,SHELLEY,VIC,-36:32:17,-147:22:35
3704,KOETONG,VIC,-36:12:55,-147:32:19
3705,CUDGEWA,VIC,-36:11:23,-147:47:6
3707,TOWONG,VIC,-36:09:10,-147:51:36
3709,WALWA,VIC,-35:58:3,-147:43:59
3712,THORNTON,VIC,-37:16:42,-145:50:56
3713,EILDON,VIC,-37:13:16,-145:54:20
3714,TAGGERTY,VIC,-37:13:13,-145:42:16
3715,WOODFIELD,VIC,-36:56:20,-145:49:56
3717,YEA,VIC,-37:23:1,-145:28:20
3718,MOLESWORTH,VIC,-37:07:38,-145:32:12
3719,YARCK,VIC,-37:4:47,-145:34:20
3720,BONNIE DOON,VIC,-37:1:19,-145:52:21
3722,MIRIMBAH,VIC,-37:8:53,-146:25:59
3725,GOORAMBAT,VIC,-36:25:12,-146:00:54
3726,THOONA,VIC,-36:19:47,-145:53:33
3727,YUNDOOL,VIC,-36:16:22,-145:53:40
3728,WILBY,VIC,-36:08:37,-145:51:58
3730,YARRAWONGA,VIC,-36:0:48,-145:59:41
3732,MOYHU,VIC,-36:42:08,-146:18:41
3733,WHITLANDS,VIC,-36:45:58,-146:24:50
3735,WHOROULY,VIC,-36:28:46,-146:37:45
3737,MYRTLEFORD,VIC,-36:33:21,-146:43:5
3739,EUROBIN,VIC,-36:38:23,-146:51:34
3740,POREPUNKAH,VIC,-36:43:29,-146:49:04
3741,MOUNT HOTHAM,VIC,-36:39:32,-146:57:40
3744,WANDILIGONG,VIC,-36:45:53,-147:0:8
3747,WOORAGEE,VIC,-36:22:29,-146:40:39
3749,YACKANDANDAH,VIC,-36:18:52,-146:50:21
3750,WOLLERT,VIC,-37:35:35,-145:02:21
3752,SOUTH MORANG,VIC,-37:37:16,-145:04:51
3753,BEVERIDGE,VIC,-37:27:43,-144:58:19
3754,YAN YEAN SOUTH,VIC,-37:37:37,-145:09:49
3755,YAN YEAN,VIC,-37:33:39,-145:06:20
3756,WALLAN,VIC,-37:22:55,-144:57:49
3757,WHITTLESEA,VIC,-37:30:57,-145:07:05
3758,WANDONG,VIC,-37:22:36,-145:1:45
3759,PANTON HILL,VIC,-37:38:37,-145:14:13
3761,ST ANDREWS,VIC,-37:36:7,-145:16:24
3763,KINGLAKE,VIC,-37:31:25,-145:18:58
3764,KILMORE,VIC,-37:18:28,-144:57:27
3765,MONTROSE,VIC,-37:48:42,-145:20:22
3766,KALORAMA,VIC,-37:49:29,-145:21:40
3767,MOUNT DANDENONG,VIC,-37:49:48,-145:21:06
3770,GRUYERE,VIC,-37:46:07,-145:26:40
3775,YARRA GLEN,VIC,-37:36:17,-145:24:58
3777,TOOLANGI,VIC,-37:34:09,-145:31:27
3778,NARBETHONG,VIC,-37:32:58,-145:39:40
3779,MARYSVILLE,VIC,-37:30:46,-145:44:38
3781,COCKATOO,VIC,-37:57:18,-145:29:17
3782,MACCLESFIELD,VIC,-37:56:03,-145:26:34
3783,GEMBROOK,VIC,-37:57:9,-145:32:35
3786,FERNY CREEK,VIC,-37:52:50,-145:19:60
3788,OLINDA,VIC,-37:51:20,-145:21:54
3789,SHERBROOKE,VIC,-37:53:14,-145:22:9
3791,KALLISTA,VIC,-37:54:1,-145:23:6
3793,MONBULK,VIC,-37:52:25,-145:25:30
3795,SILVAN,VIC,-37:49:35,-145:26:35
3796,MOUNT EVELYN,VIC,-37:47:21,-145:22:44
3797,YARRA JUNCTION,VIC,-37:52:54,-145:41:32
3799,WESBURN,VIC,-37:45:19,-145:41:15
3802,ENDEAVOUR HILLS,VIC,-37:58:36,-145:15:0
3803,HALLAM,VIC,-38:0:8,-145:15:32
3804,NARRE WARREN NORTH,VIC,-38:00:10,-145:19:37
3805,NARRE WARREN,VIC,-38:1:57,-145:18:11
3806,HARKAWAY,VIC,-38:2:18,-145:20:29
3807,GUYS HILL,VIC,-38:3:9,-145:21:54
3808,BEACONSFIELD UPPER,VIC,-37:59:58,-145:25:34
3809,OFFICER,VIC,-38:03:42,-145:23:17
3810,PAKENHAM UPPER,VIC,-38:03:09,-145:26:58
3812,NAR NAR GOON,VIC,-38:4:59,-145:34:8
3813,TYNONG,VIC,-38:04:30,-145:39:07
3814,VERVALE,VIC,-38:4:43,-145:42:30
3815,TONIMBUK,VIC,-38:05:30,-145:44:11
3816,MODELLA,VIC,-38:6:58,-145:46:58
3818,RIPPLEBROOK,VIC,-38:6:51,-145:53:53
3820,WARRAGUL,VIC,-38:11:9,-145:55:39
3821,ROKEBY,VIC,-37:53:44,-145:59:53
3822,DARNUM,VIC,-38:10:54,-146:00:49
3823,YARRAGON,VIC,-38:14:27,-146:5:35
3824,YULUNGAH,VIC,-38:13:19,-146:7:50
3825,YALLOURN NORTH,VIC,-38:13:24,-146:14:20
3831,NEERIM SOUTH,VIC,-38:01:20,-145:57:15
3833,NOOJEE,VIC,-37:50:31,-146:15:44
3835,THORPDALE,VIC,-38:17:17,-146:10:28
3840,MORWELL,VIC,-38:13:58,-146:24:49
3842,CHURCHILL,VIC,-38:18:49,-146:25:41
3844,WILLUNG SOUTH,VIC,-38:24:26,-146:38:13
3847,WILLUNG,VIC,-38:7:33,-146:48:10
3850,WURRUK,VIC,-38:18:45,-148:26:17
3854,GLENGARRY,VIC,-38:4:49,-146:36:24
3858,SEATON,VIC,-37:58:58,-146:47:6
3860,VALENCIA CREEK,VIC,-37:35:27,-146:34:51
3862,STRATFORD,VIC,-37:44:56,-147:8:31
3865,LINDENOW,VIC,-37:48:12,-147:27:16
3869,YINNAR,VIC,-38:25:16,-146:27:32
3870,MORWELL RIVER PRISON,VIC,-38:22:33,-146:15:42
3871,MIRBOO NORTH,VIC,-38:15:53,-146:2:39
3874,WOODSIDE,VIC,-38:31:34,-146:52:34
3875,WY YUNG,VIC,-37:42:28,-147:33:34
3880,RAYMOND ISLAND,VIC,-37:54:32,-147:42:58
3882,NICHOLSON,VIC,-37:49:5,-147:44:6
3885,WULGULMERANG,VIC,-37:32:0,-147:50:14
3886,NEWMERELLA,VIC,-37:43:60,-148:25:44
3887,WAIREWA,VIC,-37:41:41,-148:05:22
3888,TUBBUT,VIC,-37:42:21,-148:27:16
3889,SYDENHAM INLET,VIC,-37:45:23,-148:57:48
3890,NOORINBEE,VIC,-37:34:3,-149:4:3
3891,GIPSY POINT,VIC,-37:24:45,-149:32:46
3892,MALLACOOTA,VIC,-37:32:3,-149:42:58
3893,TAMBO CROSSING,VIC,-37:31:0,-147:49:60
3895,ENSAY,VIC,-37:22:5,-147:50:2
3896,SWIFTS CREEK,VIC,-37:26:36,-147:49:31
3898,OMEO,VIC,-37:03:16,-147:33:56
3900,BENAMBRA,VIC,-36:57:20,-147:42:6
3902,JOHNSONVILLE,VIC,-37:49:26,-147:51:0
3903,SWAN REACH,VIC,-37:52:19,-147:51:2
3904,METUNG,VIC,-37:53:6,-147:51:6
3909,LAKES ENTRANCE,VIC,-37:52:11,-148:1:6
3910,LANGWARRIN,VIC,-38:8:0,-145:10:45
3911,BAXTER,VIC,-38:11:48,-145:9:22
3912,SOMERVILLE,VIC,-38:13:22,-145:10:38
3913,TYABB,VIC,-38:15:57,-145:10:46
3915,TUERONG,VIC,-38:17:32,-145:12:37
3916,SHOREHAM,VIC,-38:24:46,-145:4:29
3918,BITTERN,VIC,-38:20:13,-145:10:37
3919,CRIB POINT,VIC,-38:21:17,-145:11:27
3920,HMAS CERBERUS,VIC,-38:22:14,-145:11:3
3921,TANKERTON,VIC,-38:23:5,-145:18:5
3922,COWES,VIC,-38:27:55,-145:14:33
3923,RHYLL,VIC,-38:28:2,-145:18:58
3925,SAN REMO,VIC,-38:31:39,-145:22:12
3926,MERRICKS NORTH,VIC,-38:19:58,-145:5:13
3927,SOMERS,VIC,-38:23:32,-145:10:41
3928,MAIN RIDGE,VIC,-38:23:38,-144:58:13
3929,FLINDERS,VIC,-38:29:6,-145:1:41
3930,MOUNT ELIZA,VIC,-38:11:50,-145:07:13
3931,MORNINGTON,VIC,-38:13:6,-145:2:2
3933,MOOROODUC,VIC,-38:12:58,-145:6:30
3934,MOUNT MARTHA,VIC,-38:17:31,-145:00:59
3936,SAFETY BEACH,VIC,-38:21:20,-144:57:5
3937,RED HILL SOUTH,VIC,-38:22:07,-144:59:46
3938,MCCRAE,VIC,-38:20:55,-144:55:43
3939,ROSEBUD,VIC,-38:27:47,-144:54:36
3940,ROSEBUD WEST,VIC,-38:21:49,-144:53:1
3941,TOOTGAROOK,VIC,-38:22:46,-144:48:19
3942,BLAIRGOWRIE,VIC,-38:21:37,-144:46:14
3943,SORRENTO,VIC,-38:20:22,-144:44:28
3944,PORTSEA,VIC,-38:18:10,-144:38:50
3945,WOODLEIGH,VIC,-38:24:07,-145:40:27
3950,KORUMBURRA,VIC,-38:26:17,-145:49:20
3951,OUTTRIM,VIC,-38:25:06,-145:48:29
3953,NERRENA,VIC,-38:28:6,-145:57:21
3956,WALKERVILLE SOUTH,VIC,-38:33:27,-145:57:52
3957,STONY CREEK,VIC,-38:36:12,-146:7:41
3959,WARATAH BAY,VIC,-38:41:40,-146:04:54
3960,YANAKIE,VIC,-38:34:18,-146:18:20
3962,TOORA,VIC,-38:39:24,-146:20:37
3965,PORT WELSHPOOL,VIC,-38:42:02,-146:27:24
3966,WELSHPOOL,VIC,-38:40:9,-146:26:7
3971,YARRAM,VIC,-38:42:14,-146:39:59
3975,LYNDHURST,VIC,-38:3:37,-145:13:18
3976,HAMPTON PARK,VIC,-38:3:9,-145:15:38
3977,TOORADIN NORTH,VIC,-38:06:21,-145:16:51
3978,CLYDE,VIC,-38:8:5,-145:19:47
3979,KERNOT,VIC,-38:28:19,-145:37:20
3980,WARNEET,VIC,-38:12:40,-145:22:41
3981,YANNATHAN,VIC,-38:12:3,-145:29:12
3984,THE GURDIES,VIC,-38:19:20,-145:31:53
3987,NYORA,VIC,-38:20:5,-145:40:10
3988,POOWONG,VIC,-38:20:38,-145:45:50
3991,BASS,VIC,-38:26:18,-145:27:41
3992,DALYSTON,VIC,-38:33:50,-145:32:45
3995,WOOLAMAI,VIC,-38:29:25,-145:32:59
3996,INVERLOCH,VIC,-38:38:11,-145:43:55
4000,SPRING HILL,QLD,-27:27:43,-153:01:20
4005,TENERIFFE,QLD,-27:28:24,-153:02:55
4006,NEWSTEAD,QLD,-27:27:26,-153:01:50
4007,WHINSTANES,QLD,-27:25:40,-153:4:0
4008,PINKENBA,QLD,-27:25:35,-153:07:17
4009,EAGLE FARM,QLD,-27:22:4,-153:8:17
4010,BREAKFAST CREEK,QLD,-27:25:52,-153:2:24
4011,HENDRA,QLD,-27:25:2,-153:3:27
4012,WAVELL HEIGHTS NORTH,QLD,-27:23:41,-153:2:53
4013,NORTHGATE,QLD,-27:23:7,-153:4:22
4014,VIRGINIA,QLD,-27:23:0,-153:4:15
4017,SHORNCLIFFE,QLD,-27:18:42,-153:2:29
4019,WOODY POINT,QLD,-27:14:48,-153:5:58
4020,SCARBOROUGH,QLD,-27:13:53,-153:6:14
4021,KIPPA-RING,QLD,-27:13:35,-153:5:14
4022,ROTHWELL,QLD,-27:13:17,-153:02:48
4025,TANGALOOMA,QLD,-27:4:35,-153:22:5
4029,ROYAL BRISBANE HOSPITAL,QLD,-27:27:0,-153:1:31
4030,WOOLOOWIN,QLD,-27:26:22,-153:01:50
4031,KEDRON,QLD,-27:24:21,-153:1:49
4032,CRAIGSLEA,QLD,-27:22:55,-153:00:14
4034,ZILLMERE,QLD,-27:22:56,-153:03:13
4035,BRIDGEMAN DOWNS,QLD,-27:20:53,-152:57:56
4036,BALD HILLS,QLD,-27:18:47,-153:0:59
4037,EATONS HILL,QLD,-27:20:26,-152:57:21
4051,WILSTON,QLD,-27:25:11,-152:59:40
4053,STAFFORD HEIGHTS,QLD,-27:24:45,-153:0:44
4054,KEPERRA,QLD,-27:23:58,-152:57:27
4055,UPPER KEDRON,QLD,-27:24:10,-152:56:14
4059,RED HILL,QLD,-27:27:10,-153:00:55
4060,ST JOHNS WOOD,QLD,-27:26:54,-152:58:58
4061,THE GAP,QLD,-27:26:47,-152:56:40
4064,ROSALIE,QLD,-27:27:43,-153:00:08
4065,RAINWORTH,QLD,-27:27:39,-152:59:2
4066,TORWOOD,QLD,-27:27:45,-152:57:24
4067,ST LUCIA,QLD,-27:29:44,-153:0:48
4068,TARINGA,QLD,-27:29:59,-152:58:14
4069,UPPER BROOKFIELD,QLD,-27:30:36,-152:56:45
4070,MOGGILL,QLD,-27:33:14,-152:52:40
4073,SINNAMON PARK,QLD,-27:32:22,-152:56:52
4074,WESTLAKE,QLD,-27:32:39,-152:56:24
4075,SHERWOOD,QLD,-27:32:01,-152:58:45
4076,WACOL,QLD,-27:33:48,-152:56:45
4077,RICHLANDS,QLD,-27:34:29,-152:58:6
4101,SOUTH BRISBANE,QLD,-27:28:39,-153:1:10
4102,WOOLLOONGABBA,QLD,-27:29:49,-153:1:49
4103,FAIRFIELD,QLD,-27:31:13,-153:01:47
4104,YERONGA,QLD,-27:31:3,-153:1:9
4105,YEERONGPILLY,QLD,-27:31:37,-153:00:39
4106,ROCKLEA,QLD,-27:33:25,-153:0:6
4107,SALISBURY,QLD,-27:32:45,-153:1:53
4108,COOPERS PLAINS,QLD,-27:33:38,-153:2:51
4109,SUNNYBANK HILLS,QLD,-27:33:60,-153:3:40
4110,WILLAWONG,QLD,-27:34:28,-153:1:10
4111,NATHAN,QLD,-27:33:30,-153:3:42
4112,KURABY,QLD,-27:36:55,-153:5:40
4113,RUNCORN,QLD,-27:35:39,-153:4:13
4114,WOODRIDGE,QLD,-27:37:44,-153:5:57
4115,PARKINSON,QLD,-27:36:26,-153:1:58
4116,STRETTON,QLD,504150::,-6946370::
4117,KARAWATHA,QLD,-27:37:25,-153:04:45
4118,REGENTS PARK,QLD,-27:39:51,-153:2:22
4119,UNDERWOOD,QLD,-27:36:30,-153:6:32
4120,STONES CORNER,QLD,-27:30:33,-153:3:0
4121,WELLERS HILL,QLD,-27:31:15,-153:03:41
4122,WISHART,QLD,-27:32:41,-153:03:56
4123,ROCHEDALE SOUTH,QLD,-27:35:17,-153:06:38
4124,GREENBANK,QLD,-27:41:2,-152:58:58
4125,PARK RIDGE,QLD,-27:42:18,-153:02:16
4127,SPRINGWOOD,QLD,-27:37:10,-153:07:26
4128,TANAH MERAH,QLD,-27:39:40,-153:10:13
4129,LOGANHOLME,QLD,-27:40:23,-153:11:12
4130,CORNUBIA,QLD,-27:40:59,-153:15:3
4131,MEADOWBROOK,QLD,-27:40:20,-153:8:26
4132,MARSDEN,QLD,-27:41:0,-153:6:45
4133,WATERFORD WEST,QLD,-27:41:34,-153:07:58
4151,COORPAROO,QLD,-27:29:40,-153:3:37
4152,CARINDALE,QLD,-27:29:37,-153:04:55
4153,BELMONT,QLD,-27:30:18,-153:07:33
4154,WAKERLEY,QLD,-27:28:48,-153:11:13
4155,CHANDLER,QLD,-27:30:27,-153:9:11
4156,BURBANK,QLD,-27:33:06,-153:10:38
4157,SHELDON,QLD,-27:31:31,-153:11:24
4158,THORNESIDE,QLD,-27:29:16,-153:11:21
4159,BIRKDALE,QLD,-27:29:58,-153:13:17
4160,WELLINGTON POINT,QLD,-27:29:44,-153:14:20
4161,BURWOOD HEIGHTS,QLD,-27:31:19,-153:13:47
4163,RABY BAY,QLD,-27:31:5,-153:16:43
4164,THORNLANDS,QLD,-27:33:28,-153:15:54
4165,VICTORIA POINT,QLD,-27:35:6,-153:17:35
4169,KANGAROO POINT,QLD,-27:28:44,-153:2:0
4170,SEVEN HILLS,QLD,-27:27:32,-153:5:8
4171,HAWTHORNE,QLD,-27:28:24,-153:3:35
4172,MURARRIE,QLD,-27:25:59,-153:7:32
4173,TINGALPA DC,QLD,-27:27:55,-153:7:21
4174,HEMMANT,QLD,-27:27:34,-153:8:9
4178,WYNNUM WEST,QLD,-27:27:52,-153:8:42
4179,MANLY WEST,QLD,-27:27:57,-153:10:52
4183,POINT LOOKOUT,QLD,-27:34:28,-153:27:43
4184,RUSSELL ISLAND,QLD,-27:37:13,-153:21:32
4205,BETHANIA,QLD,-27:41:24,-153:9:26
4207,YATALA,QLD,-27:42:33,-153:12:03
4208,ORMEAU,QLD,-27:47:24,-153:12:43
4209,WILLOW VALE,QLD,-27:48:15,-153:16:51
4210,WONGAWALLAN,QLD,-27:53:30,-153:18:42
4211,PACIFIC PINES,QLD,-27:58:57,-153:20:22
4212,SANTA BARBARA,QLD,-27:51:15,-153:21:39
4213,WORONGARY,QLD,-28:4:54,-153:22:57
4214,PARKWOOD,QLD,-27:56:16,-153:22:24
4215,SOUTHPORT,QLD,-27:57:19,-153:24:28
4216,SOVEREIGN ISLANDS,QLD,-27:54:55,-153:23:58
4217,THE SPIT,QLD,-27:59:54,-153:25:36
4218,RIO VISTA,QLD,-28:2:17,-153:25:33
4219,WEST BURLEIGH,QLD,-28:06:35,-153:25:51
4220,MIAMI,QLD,-28:3:57,-153:26:12
4221,PALM BEACH,QLD,-28:07:09,-153:26:34
4223,CURRUMBIN WATERS,QLD,-28:08:24,-153:28:47
4224,TUGUN,QLD,-28:8:35,-153:29:35
4225,RAINBOW BAY,QLD,-28:10:20,-153:32:18
4226,ROBINA,QLD,-28:3:12,-153:25:7
4227,STEPHENS,QLD,-28:6:33,-153:25:12
4228,TALLEBUDGERA VALLEY,QLD,-28:11:48,-153:20:42
4229,BOND UNIVERSITY,QLD,-28:04:30,-153:24:57
4270,TAMBORINE VILLAGE,QLD,-27:52:52,-153:7:39
4271,EAGLE HEIGHTS,QLD,-27:54:24,-153:11:49
4272,NORTH TAMBORINE,QLD,-27:59:53,-153:10:51
4275,WONGLEPONG,QLD,-28:1:7,-153:9:46
4280,MACLEAN,QLD,-27:48:16,-153:01:19
4285,KOORALBYN,QLD,-27:54:38,-153:4:16
4287,RATHDOWNEY,QLD,-28:12:00,-152:47:46
4300,SPRINGFIELD LAKES,QLD,-27:36:48,-152:53:04
4301,REDBANK PLAINS,QLD,-27:35:48,-152:52:23
4303,NEW CHUM,QLD,-27:35:14,-152:49:39
4304,SILKSTONE,QLD,-27:35:49,-152:49:13
4305,YAMANTO,QLD,-27:35:31,-152:45:26
4306,WILLOWBANK,QLD,-27:24:20,-152:41:17
4307,HARRISVILLE,QLD,-27:48:44,-152:39:52
4309,WASHPOOL,QLD,-27:55:37,-152:34:27
4310,ROADVALE,QLD,-27:58:19,-152:39:43
4311,WIVENHOE HILL,QLD,-27:30:14,-152:35:26
4312,SOMERSET DAM,QLD,-27:7:2,-152:32:56
4313,YIMBUN,QLD,-27:5:2,-152:21:60
4340,MOUNT WALKER WEST,QLD,-27:35:45,-152:36:3
4341,TOWNSON,QLD,-27:48:20,-152:23:52
4343,WOODLANDS,QLD,-27:32:0,-152:24:22
4344,UPPER FLAGSTONE,QLD,-27:30:32,-152:4:59
4346,MARBURG,QLD,-27:34:49,-152:33:50
4347,WINWILL,QLD,-27:33:51,-152:11:48
4354,GOOMBUNGEE,QLD,-27:23:04,-151:55:23
4355,PIERCE CREEK,QLD,-27:16:43,-151:59:41
4356,YARRANLEA,QLD,-27:43:20,-151:37:32
4357,MILLMERRAN,QLD,-28:00:50,-151:14:26
4358,CAMBOOYA,QLD,-27:39:27,-151:51:19
4359,WEST HALDON,QLD,-27:46:48,-151:56:19
4360,NOBBY,QLD,-27:47:59,-151:51:21
4361,CLIFTON,QLD,-27:56:20,-151:43:48
4362,GOOMBURRA,QLD,-28:05:59,-151:52:23
4370,WARWICK,QLD,-28:3:39,-152:14:23
4373,KILLARNEY,QLD,-28:20:5,-152:18:41
4374,DALVEEN,QLD,-28:29:44,-151:42:42
4375,COTTONVALE,QLD,-28:32:12,-151:49:59
4377,THE SUMMIT,QLD,-28:34:37,-151:56:56
4380,STANTHORPE,QLD,-28:39:19,-151:56:48
4381,GLEN APLIN,QLD,-28:44:30,-151:52:28
4382,BALLANDEAN,QLD,-28:51:42,-151:52:1
4383,WALLANGARRA,QLD,-28:55:31,-151:55:44
4385,TEXAS,QLD,-29:0:5,-151:3:24
4387,INGLEWOOD,QLD,-28:25:9,-151:3:40
4388,YELARBON,QLD,-28:28:48,-150:43:12
4390,GOONDIWINDI,QLD,-28:01:28,-150:36:17
4401,OAKEY,QLD,355100::,-6960400::
4405,DALBY,QLD,-27:52:03,-150:22:40
4406,THE GUMS,QLD,-27:22:46,-150:03:54
4407,CECIL PLAINS,QLD,-27:38:42,-151:20:15
4408,COORANGA NORTH,QLD,-26:46:3,-151:24:23
4410,JANDOWAE,QLD,-26:46:50,-151:6:38
4411,WARRA,QLD,-26:53:39,-150:51:60
4412,BRIGALOW,QLD,-26:50:28,-150:47:19
4413,HOPELAND,QLD,-25:56:13,-150:43:13
4415,MILES,QLD,-26:39:07,-150:16:09
4416,CONDAMINE,QLD,-26:55:18,-149:52:47
4417,SURAT,QLD,-27:08:42,-149:08:09
4418,GULUGUBA,QLD,-26:21:57,-150:14:35
4419,WANDOAN,QLD,-26:1:26,-149:45:1
4420,TAROOM,QLD,-25:33:24,-149:38:51
4421,TARA,QLD,-27:45:13,-149:59:39
4422,MEANDARRA,QLD,-27:19:19,-149:52:39
4423,GLENMORGAN,QLD,-27:15:5,-149:40:31
4424,DRILLHAM,QLD,-26:38:36,-149:58:53
4425,DULACCA,QLD,-26:23:8,-149:49:53
4426,JACKSON,QLD,-26:25:19,-149:37:47
4427,YULEBA,QLD,-26:10:42,-149:34:39
4428,WALLUMBILLA,QLD,-26:22:59,-149:22:10
4454,INJUNE,QLD,-25:52:54,-149:2:57
4455,ROMA,QLD,-26:54:29,-148:55:14
4461,MUCKADILLA,QLD,-26:37:0,-148:14:58
4462,AMBY,QLD,-26:32:34,-148:06:37
4465,MITCHELL,QLD,-26:09:00,-147:45:00
4467,MUNGALLALA,QLD,-25:41:37,-147:17:13
4468,MORVEN,QLD,-26:08:00,-147:09:00
4470,CHARLEVILLE,QLD,-26:23:57,-146:14:24
4471,CLAVERTON,QLD,-27:29:34,-145:54:29
4472,BLACKALL,QLD,-24:33:00,-145:21:60
4474,ADAVALE,QLD,-25:54:30,-144:35:59
4475,CHEEPIE,QLD,-26:18:19,-144:53:47
4477,AUGATHELLA,QLD,-25:47:47,-146:34:59
4478,TAMBO,QLD,-24:14:0,-146:18:0
4479,COOLADDI,QLD,-26:39:25,-145:33:38
4480,QUILPIE,QLD,-26:7:25,-142:39:13
4481,WINDORAH,QLD,-25:18:16,-142:11:57
4482,BIRDSVILLE,QLD,-25:54:8,-139:20:52
4486,HEBEL,QLD,-28:22:33,-148:09:41
4487,ST GEORGE,QLD,-27:37:3,-148:27:45
4488,BOLLON,QLD,-27:34:27,-147:37:45
4489,WYANDRA,QLD,-27:03:54,-145:36:27
4490,YOWAH,QLD,-28:02:47,-144:58:13
4491,EULO,QLD,-28:9:20,-145:2:41
4492,THARGOMINDAH,QLD,-29:0:0,-141:0:0
4493,HUNGERFORD,QLD,-28:56:6,-144:23:10
4494,BUNGUNYA,QLD,-28:3:59,-149:39:2
4496,TALWOOD,QLD,-28:14:1,-149:16:58
4497,THALLON,QLD,-28:38:9,-148:51:36
4498,TOOBEAH,QLD,-28:8:12,-149:50:6
4500,WARNER,QLD,-27:17:28,-152:56:18
4501,LAWNTON,QLD,-27:17:2,-152:58:47
4502,PETRIE,QLD,-27:15:60,-152:58:02
4503,WHITESIDE,QLD,-27:13:38,-153:3:20
4504,NARANGBA,QLD,-27:12:16,-152:57:35
4505,BURPENGARY,QLD,-27:11:08,-152:58:44
4506,MORAYFIELD,QLD,-27:6:40,-152:57:6
4507,WOORIM,QLD,-26:51:14,-153:8:55
4508,DECEPTION BAY,QLD,-27:11:48,-153:1:45
4510,TOORBUL,QLD,-27:4:14,-152:55:55
4511,TOORBUL POINT,QLD,-27:3:33,-153:3:41
4512,WAMURAN,QLD,-27:1:39,-152:53:21
4514,WOODFORD,QLD,-26:51:25,-152:43:30
4515,KILCOY,QLD,-26:57:6,-152:34:15
4516,ELIMBAH,QLD,-27:1:36,-152:56:29
4517,BEERBURRUM,QLD,-26:57:43,-152:57:26
4518,GLASS HOUSE MOUNTAINS,QLD,-26:54:6,-152:57:19
4519,BEERWAH,QLD,-26:50:33,-152:52:27
4520,YUGAR,QLD,-27:17:49,-152:44:60
4521,OCEAN VIEW,QLD,-27:4:2,-152:46:47
4550,LANDSBOROUGH,QLD,-26:49:21,-153:0:11
4551,SHELLY BEACH,QLD,-26:46:57,-153:8:15
4552,MALENY,QLD,-26:46:48,-152:54:46
4553,PALMVIEW,QLD,-26:44:2,-153:2:37
4554,ILKLEY,QLD,-26:43:55,-152:59:24
4555,PALMWOODS,QLD,-26:41:20,-152:57:33
4556,TANAWHA,QLD,-26:40:10,-153:3:51
4557,MOUNTAIN CREEK,QLD,-26:41:8,-153:7:12
4558,SUNSHINE PLAZA,QLD,-26:39:14,-153:3:19
4559,WOOMBYE,QLD,-26:38:47,-152:57:33
4560,PERWILLOWEN,QLD,-26:40:09,-152:55:57
4561,YANDINA,QLD,-26:31:19,-152:52:57
4562,EUMUNDI,QLD,-26:27:28,-152:58:44
4563,TINBEERWAH,QLD,-26:25:5,-152:54:28
4564,PACIFIC PARADISE,QLD,-26:38:5,-153:5:51
4565,TEWANTIN,QLD,-26:20:42,-153:0:0
4566,NOOSAVILLE,QLD,-26:24:29,-153:02:44
4567,SUNSHINE BEACH,QLD,-26:23:17,-153:5:17
4568,POMONA,QLD,-26:14:05,-153:01:39
4570,WOOLOOGA,QLD,-26:10:47,-152:52:17
4572,ALEXANDRA HEADLAND,QLD,-26:39:56,-153:6:14
4573,YAROOMBA,QLD,-26:31:46,-153:3:58
4574,KENILWORTH,QLD,-26:35:45,-152:43:33
4575,WURTULLA,QLD,-26:40:54,-153:8:15
4580,TIN CAN BAY,QLD,-25:55:6,-153:0:14
4581,RAINBOW BEACH,QLD,-25:54:25,-153:5:23
4600,KILKIVAN,QLD,-26:5:9,-152:15:4
4601,TANSEY,QLD,-26:11:2,-152:4:2
4605,MURGON,QLD,-26:8:8,-151:52:18
4606,WONDAI,QLD,-26:19:15,-151:52:25
4608,WOOROOLIN,QLD,-26:24:6,-151:49:33
4610,WATTLE GROVE,QLD,-26:32:20,-151:50:15
4612,HIVESVILLE,QLD,-26:5:42,-151:26:18
4613,PROSTON,QLD,-26:8:19,-151:36:38
4614,YARRAMAN,QLD,-26:50:9,-151:58:10
4615,TARONG,QLD,-26:48:1,-151:54:54
4620,GLENBAR,QLD,-25:31:8,-152:17:22
4621,BIGGENDEN,QLD,-25:36:53,-151:53:26
4625,GAYNDAH,QLD,-25:33:55,-151:30:14
4626,MUNDUBBERA,QLD,-25:41:24,-150:51:60
4627,EIDSVOLD,QLD,-25:20:02,-151:13:55
4630,MULGILDIE,QLD,-25:11:18,-151:22:53
4650,TUAN FOREST,QLD,-25:35:47,-152:47:45
4655,WONDUNNA,QLD,-25:18:30,-152:50:30
4659,HOWARD,QLD,-25:11:11,-152:34:24
4660,WOODGATE,QLD,-25:17:13,-152:8:41
4670,WATALGAN,QLD,-24:50:10,-152:6:19
4671,WALLAVILLE,QLD,-25:8:48,-151:49:45
4674,TAUNTON,QLD,-24:41:54,-151:57:36
4676,LOWMEAD,QLD,-24:32:52,-151:42:13
4677,SEVENTEEN SEVENTY,QLD,-24:22:46,-151:40:19
4678,RODDS BAY,QLD,-24:1:25,-151:45:44
4680,WEST GLADSTONE,QLD,-23:56:54,-151:20:43
4694,YARWUN,QLD,-23:47:50,-151:9:35
4695,MOUNT LARCOM,QLD,-23:48:39,-150:58:42
4697,RAGLAN,QLD,-23:43:53,-150:48:51
4699,BAJOOL,QLD,-23:39:8,-150:38:39
4700,WANDAL,QLD,-23:11:4,-150:56:10
4701,PARK AVENUE,QLD,-23:19:30,-150:30:6
4702,YARAKA,QLD,-23:4:35,-148:30:8
4703,YEPPOON,QLD,-22:53:09,-150:37:42
4704,YAAMBA,QLD,-23:8:2,-150:21:57
4705,MARLBOROUGH,QLD,-22:45:26,-149:51:48
4706,OGMORE,QLD,-22:37:9,-149:39:26
4707,ST LAWRENCE,QLD,-22:18:36,-149:30:40
4709,TIERI,QLD,-23:04:30,-148:28:40
4714,MOUNT MORGAN,QLD,-23:38:46,-150:23:19
4715,BILOELA,QLD,-24:20:6,-150:37:15
4716,THANGOOL,QLD,-24:21:30,-150:56:19
4717,BLACKWATER,QLD,-23:39:26,-148:59:11
4718,MOURA,QLD,-24:35:38,-149:09:21
4719,THEODORE,QLD,-24:45:54,-150:19:27
4720,EMERALD,QLD,-23:39:13,-148:4:27
4721,CLERMONT,QLD,-22:57:20,-147:32:22
4722,SPRINGSURE,QLD,-24:51:54,-146:56:55
4724,ALPHA,QLD,-24:08:51,-146:45:31
4725,BARCALDINE,QLD,-24:5:16,-145:29:60
4726,ARAMAC,QLD,208941::,-7380408::
4731,ISISFORD,QLD,-24:55:35,-144:24:53
4732,MUTTABURRA,QLD,-22:36:50,-144:45:57
4733,CORFIELD,QLD,-22:9:14,-143:56:23
4735,WINTON,QLD,-22:46:45,-142:13:4
4736,JUNDAH,QLD,-25:18:50,-142:54:48
4737,SARINA RANGE,QLD,-21:29:57,-149:09:42
4738,KOUMALA,QLD,-21:36:35,-149:14:51
4739,CARMILA,QLD,-21:54:16,-149:24:23
4740,WEST MACKAY,QLD,-21:38:00,-153:46:00
4741,SOUTH MOLLE,QLD,-21:58:06,-149:39:37
4742,NEBO,QLD,-21:36:41,-148:10:58
4743,GLENDEN,QLD,-21:40:15,-147:57:39
4744,MORANBAH,QLD,-21:56:29,-148:17:23
4745,DYSART,QLD,-22:25:24,-148:20:17
4746,MIDDLEMOUNT,QLD,-23:02:00,-149:03:15
4750,SHOAL POINT,QLD,-21:2:2,-149:9:37
4751,WALKERSTON,QLD,-21:14:33,-149:00:02
4753,MARIAN,QLD,-21:5:41,-148:57:34
4754,MIRANI,QLD,-21:10:47,-148:49:44
4756,NETHERDALE,QLD,-21:8:49,-148:38:3
4757,DALRYMPLE HEIGHTS,QLD,-21:13:21,-148:31:45
4798,WAGOORA,QLD,-20:54:1,-148:46:37
4799,BLOOMSBURY,QLD,-20:46:27,-148:38:29
4800,WILSON BEACH,QLD,-20:49:55,-148:33:18
4801,HAYMAN ISLAND,QLD,-20:3:4,-148:53:18
4802,WHITSUNDAY,QLD,-20:16:43,-148:39:35
4803,HAMILTON ISLAND,QLD,-20:21:12,-148:56:52
4804,SPRINGLANDS,QLD,-20:23:56,-147:51:54
4805,QUEENS BEACH,QLD,-19:53:15,-148:4:29
4806,HOME HILL,QLD,-19:49:29,-147:34:23
4807,CLAREDALE,QLD,-20:2:47,-147:16:38
4808,BRANDON,QLD,-19:33:39,-147:19:43
4809,GIRU,QLD,-19:32:2,-147:12:18
4810,TOWNSVILLE,QLD,-19:12:6,-146:46:15
4811,WULGURU,QLD,-19:20:52,-146:50:2
4812,ROSSLEA,QLD,-19:16:29,-146:48:04
4813,TOWNSVILLE MILPO,QLD,-19:20:41,-146:46:49
4814,VINCENT,QLD,-19:14:21,-146:46:24
4815,RASMUSSEN,QLD,-19:23:11,-146:44:0
4816,WOODSTOCK,QLD,-18:16:9,-146:1:24
4817,THURINGOWA CENTRAL,QLD,-19:18:46,-146:44:22
4818,YABULU,QLD,-19:15:28,-146:44:29
4819,PICNIC BAY,QLD,-19:8:6,-146:47:5
4820,RICHMOND HILL,QLD,-21:9:24,-146:24:36
4821,STAMFORD,QLD,-20:5:0,-144:42:4
4824,OORINDI,QLD,-20:42:20,-140:30:20
4825,WINSTON,QLD,-19:14:22,-136:20:15
4828,CAMOOWEAL,QLD,-19:38:29,-138:31:19
4829,BOULIA,QLD,-22:46:40,-140:35:24
4830,DOOMADGEE,QLD,-17:53:19,-138:15:47
4850,VICTORIA ESTATE,QLD,-18:31:38,-146:0:15
4854,TULLY,QLD,-17:51:46,-146:6:22
4855,EL ARISH,QLD,-17:48:20,-146:0:15
4856,SILKWOOD,QLD,-17:44:54,-146:1:12
4857,SILKWOOD EAST,QLD,-17:47:6,-146:5:48
4858,MOURILYAN,QLD,-17:34:55,-146:1:56
4859,SOUTH JOHNSTONE,QLD,-17:35:49,-145:59:43
4860,SUNDOWN,QLD,-17:43:0,-148:27:0
4861,BARTLE FRERE,QLD,-17:21:15,-146:1:16
4865,GORDONVALE,QLD,-17:5:17,-145:47:9
4868,WOREE,QLD,-16:58:5,-145:43:36
4869,EDMONTON,QLD,-17:0:58,-145:45:36
4870,WHITFIELD,QLD,-16:52:39,-145:45:15
4871,YARRABAH,QLD,-19:12:24,-144:21:49
4872,YUNGABURRA,QLD,-18:17:51,-145:29:6
4873,WONGA BEACH,QLD,-16:29:2,-145:22:41
4874,WEIPA,QLD,-12:34:12,-141:35:54
4875,THURSDAY ISLAND,QLD,-9:8:36,-143:52:30
4876,BAMAGA,QLD,-10:53:48,-142:23:23
4878,YORKEYS KNOB,QLD,-16:50:54,-145:44:4
4879,TRINITY PARK,QLD,-16:43:4,-146:42:2
4880,MAREEBA,QLD,-17:0:25,-145:25:19
4882,TOLGA,QLD,-17:13:33,-145:27:19
4883,ATHERTON,QLD,-17:20:54,-145:31:02
4885,MALANDA,QLD,-17:30:29,-145:29:24
4886,MILLAA MILLAA,QLD,-17:31:9,-145:36:29
4890,NORMANTON,QLD,-17:52:51,-141:35:04
4891,KARUMBA,QLD,-17:30:30,-140:49:30
5000,STATION ARCADE,SA,-34:55:55,-138:35:59
5006,NORTH ADELAIDE,SA,-34:54:48,-138:35:54
5007,WELLAND,SA,-34:54:13,-138:34:32
5008,RIDLEYTON,SA,-34:53:30,-138:32:54
5009,KILKENNY,SA,-34:54:12,-138:32:43
5010,REGENCY PARK BC,SA,-34:52:27,-138:33:49
5011,WOODVILLE,SA,-34:53:07,-138:31:55
5012,WOODVILLE NORTH,SA,-34:52:13,-138:32:15
5013,WINGFIELD,SA,-34:50:23,-138:32:08
5014,ROYAL PARK,SA,-34:52:15,-138:31:51
5015,PORT ADELAIDE,SA,-34:50:2,-138:30:54
5016,PETERHEAD,SA,-34:49:33,-138:30:12
5017,TAPEROO,SA,-34:47:43,-138:30:15
5018,OUTER HARBOR,SA,-34:46:21,-138:29:26
5019,SEMAPHORE,SA,-34:51:12,-138:29:23
5020,WEST LAKES SHORE,SA,-34:52:35,-138:29:1
5021,WEST LAKES,SA,-34:52:04,-138:30:03
5022,TENNYSON,SA,-34:54:9,-138:29:33
5023,SEATON,SA,-34:52:55,-138:30:6
5033,WEST RICHMOND,SA,-34:56:38,-138:34:05
5034,WAYVILLE,SA,-34:56:37,-138:35:16
5035,KESWICK,SA,-34:57:03,-138:34:34
5037,NORTH PLYMPTON,SA,-34:56:45,-138:33:05
5038,SOUTH PLYMPTON,SA,-34:57:36,-138:33:38
5039,MELROSE PARK,SA,-34:59:13,-138:34:18
5041,WESTBOURNE PARK,SA,-34:58:08,-138:35:20
5042,ST MARYS,SA,-35:00:35,-138:34:15
5043,PARK HOLME,SA,-34:58:48,-138:32:30
5044,SOMERTON PARK,SA,-34:58:41,-138:32:09
5045,GLENELG SOUTH,SA,-34:59:12,-138:30:47
5046,WARRADALE NORTH,SA,-35:01:01,-138:32:38
5047,STURT,SA,-35:01:32,-138:33:40
5048,SOUTH BRIGHTON,SA,-35:0:38,-138:31:38
5049,SEAVIEW DOWNS,SA,-35:02:36,-138:31:28
5050,EDEN HILLS,SA,-35:01:36,-138:34:35
5051,HAWTHORNDENE,SA,-35:02:15,-138:37:33
5052,GLENALTA,SA,-34:59:57,-138:37:18
5061,UNLEY,SA,-34:56:35,-138:36:09
5062,TORRENS PARK,SA,-34:58:42,-138:37:7
5063,PARKSIDE,SA,-34:56:47,-138:37:24
5064,URRBRAE,SA,-34:58:13,-138:38:1
5065,TUSMORE,SA,-34:56:36,-138:37:51
5066,WATTLE PARK,SA,-34:56:28,-138:39:35
5067,ROSE PARK,SA,-34:55:09,-138:38:12
5068,TRINITY GARDENS,SA,-34:55:21,-138:38:51
5069,STEPNEY,SA,-34:54:43,-138:37:37
5070,ROYSTON PARK,SA,-34:54:22,-138:39:16
5072,WOODFORDE,SA,-34:55:53,-138:41:22
5074,NEWTON,SA,-34:52:42,-138:39:18
5075,PARADISE,SA,-34:52:07,-138:39:22
5076,CASTAMBUL,SA,-34:52:20,-138:41:57
5081,WALKERVILLE,SA,-34:53:18,-138:37:59
5082,THORNGATE,SA,-34:52:56,-138:36:01
5083,SEFTON PARK,SA,-34:52:26,-138:37:01
5084,KILBURN NORTH,SA,-34:51:55,-138:34:49
5085,NORTHGATE,SA,-34:51:40,-138:37:07
5086,OAKDEN,SA,-34:51:24,-138:38:20
5087,WINDSOR GARDENS,SA,-34:52:32,-138:38:50
5088,HOLDEN HILL,SA,-34:51:28,-138:39:30
5089,HIGHBURY,SA,-34:51:45,-138:41:32
5090,HOPE VALLEY,SA,-34:50:54,-138:41:4
5091,VISTA,SA,-34:49:20,-138:43:48
5092,MODBURY NORTH,SA,-34:49:60,-138:41:22
5094,GEPPS CROSS,SA,-34:49:25,-138:35:58
5095,THE LEVELS,SA,-34:48:45,-138:37:11
5096,PARA HILLS,SA,-34:49:09,-138:39:56
5097,ST AGNES,SA,-34:49:44,-138:41:34
5098,WALKLEY HEIGHTS,SA,-34:49:22,-138:38:59
5106,SALISBURY SOUTH,SA,-34:47:32,-138:38:06
5107,PARAFIELD GARDENS,SA,-34:47:48,-138:35:57
5108,SALISBURY NORTH,SA,-34:45:56,-138:38:19
5109,SALISBURY PLAIN,SA,-34:46:25,-138:40:02
5110,WATERLOO CORNER,SA,-34:47:47,-138:35:08
5111,EDINBURGH,SA,-34:43:48,-138:37:14
5112,HILLBANK,SA,-34:45:28,-138:39:15
5113,ELIZABETH WEST,SA,-34:42:43,-138:39:55
5114,ULEYBURY,SA,-34:43:14,-138:45:56
5116,HILLIER,SA,-34:36:56,-138:43:57
5117,ANGLE VALE,SA,-34:39:03,-138:38:24
5118,WILLASTON,SA,-34:36:27,-138:44:55
5120,VIRGINIA,SA,-34:41:51,-138:31:17
5121,PENFIELD,SA,-34:42:03,-138:35:57
5125,GREENWITH,SA,-34:46:33,-138:41:15
5126,YATALA VALE,SA,-34:47:42,-138:43:55
5127,WYNN VALE,SA,-34:47:54,-138:40:23
5131,UPPER HERMITAGE,SA,-34:50:17,-138:44:36
5132,PARACOMBE,SA,-34:51:20,-138:44:43
5134,MONTACUTE,SA,-34:54:2,-138:43:27
5136,NORTON SUMMIT,SA,-34:55:23,-138:43:24
5140,GREENHILL,SA,-34:56:39,-138:41:08
5141,SUMMERTOWN,SA,-34:57:15,-138:42:56
5142,URAIDLA,SA,-34:57:40,-138:44:12
5144,CAREY GULLY,SA,-34:56:53,-138:48:16
5150,LEAWOOD GARDENS,SA,-35:00:48,-138:38:40
5152,STIRLING,SA,-34:59:26,-138:44:21
5153,SCOTT CREEK,SA,-35:02:24,-138:44:06
5154,ALDGATE,SA,-35:01:04,-138:44:16
5155,MOUNT GEORGE,SA,-35:00:28,-138:45:33
5156,UPPER STURT,SA,-35:01:39,-138:40:17
5157,KANGARILLA,SA,-35:09:04,-138:39:30
5158,TROTT PARK,SA,-35:03:12,-138:33:10
5159,HAPPY VALLEY,SA,-35:04:17,-138:36:55
5160,LONSDALE,SA,-35:05:55,-138:29:21
5161,REYNELLA,SA,-35:05:46,-138:31:53
5162,WOODCROFT,SA,-35:06:14,-138:33:40
5163,ONKAPARINGA HILLS,SA,-35:08:21,-138:30:33
5164,CHRISTIE DOWNS,SA,-35:08:18,-138:29:56
5165,CHRISTIES BEACH NORTH,SA,-35:08:01,-138:28:32
5166,O'SULLIVAN BEACH,SA,-35:7:32,-138:28:18
5167,PORT NOARLUNGA,SA,-35:10:20,-138:28:41
5168,OLD NOARLUNGA,SA,-35:08:25,-138:29:43
5169,SEAFORD MEADOWS,SA,-35:10:46,-138:28:04
5171,PEDLER CREEK,SA,-35:12:48,-138:29:31
5172,WILLUNGA,SA,-35:17:35,-138:34:46
5173,PORT WILLUNGA,SA,-35:16:31,-138:28:06
5201,MEADOWS,SA,-35:14:20,-138:43:48
5202,MYPONGA,SA,-35:22:36,-138:22:45
5203,YANKALILLA,SA,-35:27:45,-138:22:30
5204,SECOND VALLEY,SA,-35:26:40,-138:20:14
5210,MOUNT COMPASS,SA,-35:20:42,-138:37:15
5211,VICTOR HARBOR,SA,-35:26:11,-138:29:12
5212,PORT ELLIOT,SA,-35:30:11,-138:39:39
5214,GOOLWA,SA,-35:30:43,-138:46:53
5220,PARNDANA,SA,-35:47:28,-137:15:31
5221,AMERICAN RIVER,SA,-35:46:38,-137:46:23
5222,PENNESHAW,SA,-35:44:16,-137:56:20
5223,KINGSCOTE,SA,-35:38:47,-137:37:57
5231,KERSBROOK,SA,-34:46:55,-138:48:37
5232,CUDLEE CREEK,SA,-34:50:34,-138:49:30
5233,GUMERACHA,SA,-34:50:57,-138:52:25
5234,BIRDWOOD,SA,-34:50:55,-138:56:08
5235,SPRINGTON,SA,-34:45:12,-139:04:04
5237,SANDERSTON,SA,-34:51:05,-139:07:57
5238,NILDOTTIE,SA,-34:53:27,-139:37:55
5240,LENSWOOD,SA,-34:54:54,-138:50:14
5241,LOBETHAL,SA,-34:53:04,-138:52:12
5242,BALHANNAH,SA,-34:59:50,-138:49:40
5243,OAKBANK,SA,-34:58:43,-138:50:31
5244,WOODSIDE,SA,-34:57:18,-138:52:29
5245,VERDUN,SA,-35:01:57,-138:48:32
5250,LITTLEHAMPTON,SA,-35:03:05,-138:50:10
5251,WISTOW,SA,-35:04:06,-138:51:32
5252,NAIRNE,SA,-35:00:36,-138:54:40
5253,MURRAY BRIDGE SOUTH,SA,-35:07:01,-139:14:58
5254,MYPOLONGA,SA,-35:11:27,-139:19:30
5260,TAILEM BEND,SA,-35:15:17,-139:27:16
5261,YUMALI,SA,-35:40:36,-139:38:57
5262,KYBYBOLITE,SA,-36:42:50,-140:57:15
5263,COONAWARRA,SA,-37:17:37,-140:50:02
5264,MENINGIE,SA,-35:41:13,-139:20:21
5265,COONALPYN,SA,-35:42:05,-139:51:13
5266,TINTINARA,SA,-35:53:05,-140:03:19
5267,KEITH,SA,-36:14:04,-140:05:57
5268,BORDERTOWN,SA,-36:19:35,-140:46:42
5269,WOLSELEY,SA,-36:21:49,-140:54:25
5270,MUNDULLA,SA,-36:27:03,-140:28:24
5271,PADTHAWAY,SA,-36:41:6,-140:38:31
5272,LUCINDALE,SA,-36:58:33,-140:22:01
5275,KINGSTON SE,SA,-36:07:41,-139:38:56
5276,ROBE,SA,-37:10:25,-139:46:13
5277,TARPEENA,SA,-37:20:56,-140:50:43
5278,KALANGADOO,SA,-37:33:44,-140:42:00
5279,TRIHI,SA,-37:36:13,-140:28:59
5280,TANTANOOLA,SA,-37:36:11,-140:21:15
5290,MOUNT GAMBIER,SA,-37:49:8,-140:45:52
5291,YAHL,SA,-37:41:36,-140:51:23
5301,SHERLOCK,SA,-35:20:44,-139:57:49
5302,LAMEROO,SA,-35:19:52,-140:30:23
5303,PARILLA,SA,-35:17:54,-140:39:51
5304,PINNAROO,SA,-35:46:7,-140:53:34
5306,WYNARKA,SA,-35:13:12,-139:40:60
5307,MARAMA,SA,-35:06:04,-139:53:54
5308,PERPONDA,SA,-34:44:33,-139:57:16
5309,SANDALWOOD,SA,-35:01:26,-140:02:54
5310,WANBI,SA,-34:46:03,-140:18:22
5311,TALDRA,SA,-34:44:15,-140:30:25
5312,VEITCH,SA,-34:34:29,-140:31:09
5320,MORGAN,SA,-34:02:11,-139:40:13
5321,CADELL,SA,-34:03:27,-139:45:24
5322,RAMCO,SA,-34:10:11,-139:57:01
5330,WAIKERIE,SA,-34:10:36,-140:02:23
5331,KINGSTON-ON-MURRAY,SA,-34:13:23,-140:20:45
5332,MOOROOK,SA,-34:15:5,-140:13:44
5333,TAPLAN,SA,-34:22:26,-140:11:00
5340,PARINGA,SA,-34:11:06,-140:47:47
5341,RENMARK SOUTH,SA,-34:14:13,-140:40:08
5342,MONASH,SA,-34:14:19,-140:33:29
5343,WINKIE,SA,-34:17:30,-140:36:05
5344,GLOSSOP,SA,-34:16:23,-140:31:21
5345,LOVEDAY,SA,-34:15:27,-140:27:48
5346,COBDOGLA,SA,-34:14:35,-140:23:39
5350,SANDY CREEK,SA,-34:34:30,-138:51:40
5351,WILLIAMSTOWN,SA,-34:43:39,-138:55:33
5352,TANUNDA,SA,-34:31:10,-138:57:27
5353,SEDAN,SA,-34:34:25,-139:00:16
5354,SWAN REACH,SA,-34:34:20,-139:36:09
5355,STOCKWELL,SA,-34:27:49,-138:59:49
5356,TRURO,SA,-34:23:52,-139:05:50
5357,NEW WELL,SA,-34:24:45,-139:48:40
5360,NAIN,SA,-34:27:24,-138:57:38
5371,TEMPLERS,SA,-34:31:52,-138:44:50
5372,FREELING,SA,-34:27:21,-138:48:35
5373,KAPUNDA,SA,-34:20:42,-138:54:44
5374,SUTHERLANDS,SA,-34:10:24,-139:04:58
5381,ROBERTSTOWN,SA,-33:59:37,-139:20:38
5401,HAMLEY BRIDGE,SA,-34:21:36,-138:40:33
5410,STOCKPORT,SA,-34:22:9,-138:45:33
5411,TARLEE,SA,-34:16:26,-138:45:44
5412,RIVERTON,SA,-34:09:33,-138:44:47
5413,SADDLEWORTH,SA,-34:05:02,-138:46:53
5414,MANOORA,SA,-34:00:07,-138:48:54
5415,MINTARO,SA,-33:54:17,-138:44:15
5417,BURRA,SA,-33:33:26,-139:35:14
5418,MOUNT BRYAN,SA,-33:32:55,-138:52:40
5419,HALLETT,SA,-33:25:08,-138:53:40
5420,WHYTE YARCOWIE,SA,-33:13:10,-139:10:18
5421,TEROWIE,SA,-33:8:13,-139:5:26
5422,PETERBOROUGH,SA,-33:01:35,-139:00:04
5431,TARCOWIE,SA,-32:50:00,-138:41:25
5432,CRADOCK,SA,-32:22:41,-138:28:29
5433,QUORN,SA,-32:21:46,-138:03:04
5434,HAWKER,SA,-31:55:21,-138:26:37
5440,YUNTA,SA,-32:59:8,-139:9:18
5451,AUBURN,SA,-34:11:57,-138:39:33
5452,WATERVALE,SA,-33:56:01,-138:40:32
5453,HOYLETON,SA,-33:50:13,-138:36:52
5454,SPALDING,SA,-33:29:40,-138:36:49
5460,OWEN,SA,-34:16:04,-138:32:45
5461,BALAKLAVA,SA,-34:08:36,-138:24:45
5462,BLYTH,SA,-33:50:29,-138:29:32
5470,YACKA,SA,-33:38:17,-138:30:46
5471,GULNARE,SA,-33:28:03,-138:25:38
5472,GEORGETOWN,SA,-33:21:39,-138:23:27
5473,GLADSTONE,SA,-33:16:01,-138:21:14
5480,LAURA,SA,-33:11:05,-138:17:56
5481,WIRRABARA,SA,-32:57:34,-138:13:51
5482,BOOLEROO CENTRE,SA,-32:52:47,-138:20:59
5483,MELROSE,SA,-32:49:38,-138:11:13
5485,WILMINGTON,SA,-32:48:26,-138:09:48
5490,CALTOWIE,SA,-33:11:35,-138:27:25
5491,JAMESTOWN,SA,-33:16:38,-138:34:28
5493,YONGALA,SA,-33:1:15,-138:42:43
5495,PORT GERMEIN,SA,-33:00:39,-138:00:12
5501,WINDSOR,SA,-34:37:43,-138:27:56
5502,REEVES PLAINS,SA,-34:33:40,-138:36:31
5510,LOCHIEL,SA,-33:54:18,-138:07:47
5520,SNOWTOWN,SA,-33:47:20,-138:12:36
5523,MERRITON,SA,-33:13:59,-138:12:51
5540,SOLOMONTOWN,SA,-33:6:17,-138:1:27
5550,PORT WAKEFIELD,SA,-34:15:22,-138:10:39
5552,PASKEVILLE,SA,-34:3:29,-137:55:4
5554,KADINA,SA,-33:57:45,-137:42:20
5555,MUNDOORA,SA,-33:35:9,-138:8:25
5556,WALLAROO,SA,-33:54:28,-137:37:53
5558,PORT HUGHES,SA,-34:04:13,-137:35:10
5560,BUTE,SA,-33:52:03,-138:00:20
5570,PRICE,SA,-34:17:20,-137:59:40
5571,PINE POINT,SA,-34:25:36,-137:55:01
5572,ARTHURTON,SA,-34:14:52,-137:46:45
5573,WEETULTA,SA,-34:27:29,-137:21:48
5575,WOOL BAY,SA,-34:31:38,-137:36:05
5576,YORKETOWN,SA,-35:1:7,-137:37:5
5577,WAROOKA,SA,-35:6:57,-137:30:57
5580,CURRAMULKA,SA,-34:37:48,-137:43:15
5581,PORT VINCENT,SA,-34:46:47,-137:51:25
5582,STANSBURY,SA,-35:01:25,-137:45:31
5583,EDITHBURGH,SA,-35:7:2,-137:49:36
5600,WHYALLA PLAYFORD,SA,-33:17:10,-137:6:17
5601,IRON KNOB,SA,-32:44:30,-137:8:30
5602,COWELL,SA,-33:18:59,-137:22:42
5603,WHARMINDA,SA,-33:46:02,-136:44:17
5604,PORT NEILL,SA,-33:57:32,-136:14:29
5605,TUMBY BAY,SA,-34:21:26,-136:5:22
5606,PORT LINCOLN,SA,-34:41:49,-135:54:54
5607,WARROW,SA,-34:21:06,-135:57:13
5608,WHYALLA STUART,SA,-33:2:17,-137:33:2
5630,EDILLILIE,SA,-34:22:32,-135:42:36
5631,CUMMINS,SA,-34:21:33,-135:32:57
5632,YEELANNA,SA,-34:03:45,-135:30:26
5633,LOCK,SA,-33:39:00,-135:58:34
5640,CLEVE,SA,-33:39:03,-136:31:06
5641,KIMBA,SA,-33:08:28,-136:25:10
5642,RUDALL,SA,-33:28:26,-136:17:53
5650,WARRAMBOO,SA,-33:14:38,-135:35:47
5651,KYANCUTTA,SA,-33:08:09,-135:33:08
5652,WUDINNA,SA,-33:03:23,-135:27:52
5653,YANINEE,SA,-32:56:51,-135:16:22
5654,MINNIPA,SA,-32:54:42,-135:00:08
5655,POOCHERA,SA,-32:42:51,-134:52:13
5661,WIRRULLA,SA,-32:24:19,-134:31:44
5670,ELLISTON,SA,-33:43:37,-135:09:00
5671,PORT KENNY,SA,-33:2:5,-134:41:18
5680,STREAKY BAY,SA,-32:54:1,-134:5:36
5690,YALATA,SA,-32:03:54,-133:18:14
5700,PORT AUGUSTA WEST,SA,-32:48:21,-137:42:7
5710,TARCOOLA,SA,-29:30:30,-136:35:20
5720,WOOMERA,SA,-31:21:9,-136:59:21
5722,ANDAMOOKA,SA,-30:28:29,-137:09:55
5723,COOBER PEDY,SA,-29:1:4,-134:45:10
5724,MINTABIE,SA,-27:18:3,-133:37:3
5725,ROXBY DOWNS,SA,-30:29:11,-136:53:24
5730,PARACHILNA,SA,-31:5:57,-138:41:4
5731,LYNDHURST,SA,-28:6:15,-140:11:45
5732,COPLEY,SA,-30:45:59,-139:27:41
5733,MARREE,SA,-29:39:3,-138:3:37
5734,OODNADATTA,SA,-27:10:7,-134:45:25
6000,PERTH,WA,-31:57:25,-115:51:14
6004,EAST PERTH,WA,-31:57:36,-115:52:07
6005,WEST PERTH,WA,-31:57:09,-115:50:48
6006,NORTH PERTH,WA,-31:55:52,-115:51:00
6007,WEST LEEDERVILLE,WA,-31:56:07,-115:50:22
6008,SUBIACO,WA,-31:57:15,-115:49:42
6009,NEDLANDS,WA,-31:58:08,-115:48:49
6010,SWANBOURNE,WA,-31:58:04,-115:47:56
6011,PEPPERMINT GROVE,WA,-32:0:11,-115:45:34
6012,MOSMAN PARK,WA,-32:01:01,-115:46:27
6014,WEMBLEY,WA,-31:56:34,-115:49:28
6015,CITY BEACH,WA,-31:56:03,-115:46:08
6016,MOUNT HAWTHORN,WA,-31:55:3,-115:49:56
6017,OSBORNE PARK,WA,-31:54:55,-115:48:50
6018,WOODLANDS,WA,-31:54:19,-115:47:48
6019,WEMBLEY DOWNS,WA,-31:55:38,-115:46:27
6020,WATERMAN,WA,-31:50:37,-115:44:59
6021,STIRLING,WA,-31:51:55,-115:48:34
6022,HAMERSLEY,WA,-31:51:21,-115:49:04
6023,DUNCRAIG,WA,-31:50:33,-115:45:48
6024,WARWICK,WA,-31:50:44,-115:47:41
6025,PADBURY,WA,-31:48:57,-115:46:11
6026,WOODVALE,WA,-31:46:46,-115:46:52
6027,OCEAN REEF,WA,-31:45:53,-115:44:45
6028,KINROSS,WA,-31:44:43,-115:46:16
6029,TRIGG,WA,-31:52:42,-115:45:09
6030,TAMALA PARK,WA,-31:40:38,-115:42:6
6031,NEERABUP,WA,-31:43:33,-115:44:52
6032,NOWERGUP,WA,-31:39:36,-115:46:28
6033,CARABOODA,WA,-31:37:30,-115:42:53
6035,YANCHEP,WA,-31:32:45,-115:38:21
6037,TWO ROCKS,WA,-31:29:45,-115:34:59
6041,WOODRIDGE,WA,-31:27:18,-115:39:48
6042,SEABIRD,WA,-31:16:38,-115:26:24
6043,LEDGE POINT,WA,-31:6:22,-115:22:18
6044,NILGEN,WA,-31:1:27,-115:19:46
6050,MOUNT LAWLEY,WA,-31:56:21,-115:52:33
6051,MAYLANDS,WA,-31:55:36,-115:53:29
6052,INGLEWOOD,WA,-31:54:51,-115:52:34
6053,BAYSWATER,WA,-31:54:23,-115:55:8
6054,LOCKRIDGE,WA,-31:54:37,-115:55:45
6055,WEST SWAN,WA,-31:52:51,-115:57:50
6056,WOODBRIDGE,WA,-31:45:51,-116:00:30
6057,MAIDA VALE,WA,-31:57:17,-115:59:19
6058,FORRESTFIELD,WA,-31:58:53,-115:59:58
6060,YOKINE,WA,-31:53:51,-115:49:38
6061,WESTMINSTER,WA,-31:51:51,-115:49:36
6062,NORANDA,WA,-31:53:10,-115:51:29
6063,BEECHBORO,WA,-31:51:28,-115:56:04
6064,MARANGAROO,WA,-31:50:43,-115:52:28
6065,WANNEROO,WA,-31:47:31,-115:48:54
6067,CULLACABARDEE,WA,-31:48:13,-115:53:01
6068,WHITEMAN,WA,-31:49:40,-115:56:4
6070,DARLINGTON,WA,-31:54:25,-116:05:07
6071,HOVEA,WA,-31:54:21,-116:05:21
6073,MUNDARING,WA,-31:56:60,-116:10:30
6074,SAWYERS VALLEY,WA,-31:54:10,-116:12:55
6076,WALLISTON,WA,-31:59:45,-116:04:12
6084,LOWER CHITTERING,WA,-31:40:52,-115:58:3
6100,VICTORIA PARK,WA,-31:58:50,-115:53:24
6101,EAST VICTORIA PARK,WA,-31:59:28,-115:54:52
6102,ST JAMES,WA,-32:0:40,-115:54:16
6103,RIVERVALE,WA,-31:58:00,-115:53:12
6104,REDCLIFFE,WA,-31:57:18,-115:55:21
6105,PERTH AIRPORT,WA,-31:55:29,-115:59:21
6106,WELSHPOOL,WA,-31:59:28,-115:57:04
6107,WILSON,WA,-32:02:29,-115:57:58
6108,THORNLIE,WA,-32:03:38,-115:57:13
6109,ORANGE GROVE,WA,-32:02:57,-115:58:48
6110,SOUTHERN RIVER,WA,-32:3:30,-116:1:9
6111,WESTFIELD,WA,-32:5:42,-116:4:44
6112,WUNGONG,WA,-32:8:38,-115:54:52
6150,WINTHROP,WA,-32:04:37,-115:50:33
6151,SOUTH PERTH,WA,-31:58:35,-115:50:59
6152,WATERFORD,WA,-31:59:54,-115:52:49
6153,MOUNT PLEASANT,WA,-32:01:54,-115:49:37
6154,MYAREE,WA,-32:02:27,-115:49:23
6155,WILLETTON,WA,-32:04:03,-115:53:57
6156,MELVILLE,WA,-32:01:51,-115:48:33
6157,PALMYRA,WA,-32:02:11,-115:47:20
6158,EAST FREMANTLE,WA,-32:01:45,-115:45:42
6159,NORTH FREMANTLE,WA,-32:02:01,-115:44:50
6160,FREMANTLE,WA,-32:02:28,-115:45:00
6161,ROTTNEST ISLAND,WA,-32:0:20,-115:32:35
6162,WHITE GUM VALLEY,WA,-32:4:10,-115:44:52
6163,SPEARWOOD,WA,-32:6:1,-115:46:58
6164,YANGEBUP,WA,-32:05:20,-115:51:22
6165,NAVAL BASE,WA,-32:11:58,-115:46:38
6166,WATTLEUP,WA,-32:09:18,-115:48:34
6167,WANDI,WA,-32:10:57,-115:52:39
6168,ROCKINGHAM,WA,-32:15:40,-115:45:8
6169,WARNBRO,WA,-32:22:31,-115:44:35
6170,WELLARD,WA,-32:16:22,-115:50:40
6171,BALDIVIS,WA,-32:21:8,-115:47:18
6173,SECRET HARBOUR,WA,-32:24:27,-115:46:3
6174,GOLDEN BAY,WA,-32:25:59,-115:45:57
6175,SINGLETON,WA,-32:27:3,-115:45:39
6207,WHITTAKER,WA,-32:30:9,-115:59:9
6208,WEST PINJARRA,WA,-32:38:44,-115:56:36
6210,WANNANUP,WA,-32:31:28,-115:43:34
6213,WURAMING,WA,-32:38:56,-116:01:23
6214,KOOLJERRENUP,WA,-32:44:33,-115:52:26
6215,WAROONA,WA,-32:47:28,-116:2:45
6218,YARLOOP,WA,-32:57:1,-115:53:0
6220,WARAWARRUP,WA,-32:57:24,-115:44:47
6221,WOKALUP,WA,-33:6:52,-115:55:37
6223,BENGER,WA,-33:11:56,-115:58:7
6224,BRUNSWICK,WA,-33:15:32,-115:50:10
6225,WORSLEY,WA,-33:14:41,-116:4:33
6226,ROELANDS,WA,-33:17:6,-115:49:58
6227,BUREKUP,WA,-33:17:29,-115:52:43
6228,WATERLOO,WA,-33:19:49,-115:46:7
6229,PICTON EAST,WA,-33:21:15,-115:42:10
6230,WITHERS,WA,-33:17:43,-115:38:48
6236,WELLINGTON MILL,WA,-33:23:52,-115:54:48
6237,THE PLAINS,WA,-33:28:27,-115:45:19
6239,YABBERUP,WA,-33:29:35,-115:51:59
6244,TONEBRIDGE,WA,-33:36:46,-116:13:6
6251,NEWLANDS,WA,-33:42:60,-115:52:60
6253,SOUTHAMPTON,WA,-33:47:35,-115:58:4
6254,NORTH GREENBUSHES,WA,-33:51:1,-116:3:0
6255,WINNEJUP,WA,-33:57:34,-116:8:11
6256,YORNUP,WA,-34:3:18,-116:10:1
6258,WHEATLEY,WA,-34:8:1,-116:45:22
6260,PEMBERTON,WA,-34:20:16,-116:8:19
6262,NORTHCLIFFE,WA,-34:37:55,-116:7:18
6271,STIRLING ESTATE,WA,-33:35:56,-115:39:45
6275,YOGANUP,WA,-33:47:37,-115:49:41
6280,YOONGARILLUP,WA,-33:39:27,-115:18:49
6281,YALLINGUP SIDING,WA,-33:34:33,-115:1:22
6282,YALLINGUP,WA,-33:38:30,-115:1:55
6284,TREETON,WA,-33:53:28,-115:00:53
6285,SCHROEDER,WA,-33:57:07,-115:04:32
6286,WITCHCLIFFE,WA,-34:4:48,-115:1:39
6288,WARNER GLEN,WA,-34:10:02,-115:03:35
6290,MOLLOY ISLAND,WA,-34:20:53,-115:9:57
6302,YORK,WA,-31:47:28,-116:51:4
6304,WESTDALE,WA,-32:7:39,-116:17:53
6306,KWEDA,WA,-32:19:29,-116:42:50
6308,WANDERING,WA,-32:36:1,-116:54:42
6309,WEST POPANYINNING,WA,-32:39:32,-117:6:32
6311,YORNANING,WA,-32:45:9,-117:0:32
6312,YILLIMINNING,WA,-32:58:6,-117:5:51
6315,WEDGECARRUP,WA,-33:22:47,-117:27:9
6316,WOODANILLING,WA,-33:25:24,-117:25:14
6317,KATANNING,WA,-33:43:28,-117:26:55
6318,BROOMEHILL WEST,WA,-33:47:22,-117:37:35
6320,WANSBROUGH,WA,-34:2:27,-117:39:59
6321,CRANBROOK,WA,-34:17:57,-117:46:2
6322,TENTERDEN,WA,-34:22:19,-117:32:46
6323,KENDENUP,WA,-34:24:6,-117:48:38
6324,WOOGENILUP,WA,-34:38:4,-117:39:17
6326,YELLANUP,WA,-34:46:34,-117:42:57
6328,WELLSTEAD,WA,-34:33:35,-118:12:42
6330,YOUNGS SIDING,WA,-35:1:11,-117:53:17
6333,TINGLEDALE,WA,-34:58:6,-116:58:31
6335,PALINUP,WA,-33:58:27,-117:56:38
6336,TOOMPUP,WA,-34:2:22,-118:40:48
6337,JERRAMUNGUP,WA,-33:44:23,-118:48:49
6338,STIRLING RANGE NATIONAL PARK,WA,-34:25:11,-118:31:10
6341,NYABING,WA,-33:32:6,-118:14:19
6343,PINGRUP,WA,-33:39:17,-118:46:14
6346,RAVENSTHORPE,WA,-33:31:21,-120:03:54
6348,HOPETOUN,WA,-33:56:3,-120:7:54
6350,DUMBLEYUNG,WA,-33:5:57,-117:42:19
6352,KUKERIN,WA,-33:14:1,-117:55:58
6353,TARIN ROCK,WA,-33:24:7,-118:31:14
6355,VARLEY,WA,-33:23:59,-118:59:29
6356,MOUNT MADDEN,WA,-32:57:0,-119:36:60
6357,PINGARING,WA,-32:45:0,-118:46:57
6358,KARLGARIN,WA,-32:36:45,-118:52:37
6359,HYDEN,WA,-32:41:0,-119:42:0
6361,TINCURRIN,WA,-33:3:51,-117:41:0
6363,DUDININ,WA,-33:1:54,-117:57:7
6365,KULIN,WA,-32:32:1,-118:29:58
6367,KONDININ,WA,-32:25:1,-118:18:6
6369,NAREMBEEN,WA,-32:14:16,-118:51:11
6373,BULLARING,WA,-32:29:47,-117:44:28
6375,KURRENKUTTEN,WA,-32:30:3,-117:55:5
6390,RANFORD,WA,-32:44:18,-116:19:59
6391,WILLIAMS,WA,-32:50:51,-116:53:47
6392,DARKAN,WA,-33:28:10,-116:54:44
6393,TRIGWELL,WA,-33:30:5,-116:52:58
6395,RYANSBROOK,WA,-34:12:27,-116:46:8
6396,FRANKLAND,WA,-34:18:44,-117:12:59
6398,WALPOLE,WA,-34:58:0,-116:42:59
6401,WONGAMINE,WA,-31:39:26,-116:38:59
6403,GRASS VALLEY,WA,-31:38:6,-116:47:28
6405,WARDING EAST,WA,-31:44:13,-117:2:36
6407,YOUNDEGIN,WA,-31:39:17,-117:13:36
6409,YORKRAKINE,WA,-31:44:25,-117:21:21
6410,NORTH KELLERBERRIN,WA,-31:53:35,-117:42:12
6411,SOUTH DOODLAKINE,WA,-31:34:46,-117:50:42
6412,NORTH BAANDEE,WA,-31:34:58,-117:59:23
6413,HINES HILL,WA,-31:32:24,-118:3:12
6414,NANGEENAN,WA,-31:30:19,-118:10:8
6415,TANDEGIN,WA,-31:33:7,-118:6:15
6418,YARDING,WA,-31:59:0,-118:20:26
6420,MUNTADGIN,WA,-31:42:40,-118:34:51
6421,SOUTH BURRACOPPIN,WA,-31:10:25,-118:28:50
6422,WALGOOLAN,WA,-31:23:7,-118:32:28
6423,WESTONIA,WA,-31:1:16,-118:36:38
6424,SOUTH BODALLIN,WA,-31:2:57,-118:53:14
6425,MOORINE ROCK,WA,-31:12:33,-119:2:34
6426,YELLOWDINE,WA,-30:12:12,-119:6:36
6427,KOOLYANOBBING,WA,-30:49:3,-119:31:21
6429,WALLAROO,WA,-30:57:20,-121:9:47
6430,YILKARI,WA,-30:42:19,-121:13:48
6431,TRAFALGAR,WA,-30:23:21,-121:38:15
6432,VICTORY HEIGHTS,WA,-30:44:53,-121:37:53
6434,ZANTHUS,WA,-30:51:14,-128:5:46
6436,ULARRING,WA,-29:39:43,-119:18:45
6437,LEINSTER,WA,-27:36:36,-120:32:49
6438,TEUTONIC,WA,-29:14:51,-122:07:50
6440,NEALE,WA,-28:48:50,-122:25:25
6442,KAMBALDA,WA,-31:4:23,-121:39:32
6443,WIDGIEMOOLTHA,WA,-31:36:26,-121:31:15
6446,GRASS PATCH,WA,-33:13:47,-121:42:46
6448,GIBSON,WA,-33:40:58,-121:49:38
6450,SINCLAIR,WA,-33:26:50,-122:29:30
6460,WALYORMOURING,WA,-31:20:53,-116:39:28
6461,KOOMBERKINE,WA,-31:4:39,-117:5:21
6465,MANMANNING,WA,-30:50:55,-117:5:50
6466,CADOUX,WA,-30:46:47,-117:8:50
6467,BURAKIN,WA,-30:29:27,-117:8:15
6468,PETRUDOR,WA,-30:12:50,-117:6:59
6472,REMLAP,WA,-30:12:24,-117:40:1
6473,WIALKI,WA,-30:29:17,-118:7:27
6475,NEWCARLBEON,WA,-30:16:42,-117:20:9
6476,GABBIN,WA,-30:48:2,-117:39:57
6477,BENCUBBIN,WA,-30:49:0,-117:50:60
6479,WILGOYNE,WA,-31:10:33,-118:19:31
6484,LAKE DEBORAH,WA,-30:59:4,-119:6:48
6485,WYALKATCHEM,WA,-31:23:13,-117:30:6
6488,TRAYNING,WA,-31:6:58,-117:47:24
6489,KUNUNOPPIN,WA,-31:2:31,-117:57:19
6490,NUNGARIN,WA,-31:10:5,-118:8:30
6501,MUCHEA,WA,-31:31:54,-115:57:26
6502,BINDOON,WA,-31:23:2,-116:5:36
6503,GINGIN,WA,-31:17:48,-115:55:38
6505,WANNAMAL,WA,-31:8:42,-116:3:17
6506,MOGUMBER,WA,-31:2:25,-116:10:14
6507,DANDARAGAN,WA,-30:53:44,-115:53:30
6509,YARAWINDAH,WA,-30:58:3,-116:19:51
6510,ROUND HILL,WA,-30:47:15,-116:14:23
6511,CERVANTES,WA,-30:39:4,-115:26:4
6512,COOMBERDALE,WA,-30:27:16,-116:6:45
6513,WATHEROO,WA,-30:23:18,-116:10:55
6514,LEEMAN,WA,-29:57:47,-114:58:40
6515,COOROW,WA,-30:6:45,-115:59:36
6516,JURIEN BAY,WA,-30:23:24,-115:10:58
6517,CARNAMAH,WA,-29:41:7,-116:1:48
6518,WARRADARGE,WA,-29:55:6,-115:16:12
6519,WOMARDEN,WA,-29:28:00,-115:44:00
6521,BADGINGARRA,WA,-30:28:7,-115:39:30
6522,YARRAGADEE,WA,-29:11:34,-115:35:1
6525,DONGARA,WA,-29:38:10,-115:5:20
6530,WOORREE,WA,-28:45:31,-114:37:10
6532,YUNA,WA,-28:21:53,-114:52:47
6535,YALLABATHARRA,WA,-27:26:52,-114:45:58
6536,ZUYTDORP,WA,-27:34:04,-114:40:21
6537,DENHAM,WA,-26:49:1,-114:36:42
6556,CHIDLOW,WA,-31:52:21,-116:21:30
6558,WOOROLOO,WA,-31:49:6,-116:19:26
6560,WUNDOWIE,WA,-31:47:39,-116:21:39
6562,WOOTTATING,WA,-31:45:1,-116:28:0
6564,CLACKLINE,WA,-31:41:7,-116:33:36
6566,TOODYAY,WA,-31:35:11,-116:20:23
6568,BOLGART,WA,-31:14:8,-116:35:14
6569,OLD PLAINS,WA,-31:6:56,-116:36:22
6571,YERECOIN,WA,-30:59:31,-116:21:59
6572,PIAWANING,WA,-30:50:0,-116:23:0
6574,BINDI BINDI,WA,-30:36:1,-116:30:30
6575,MILING,WA,-30:10:56,-116:16:11
6603,WONGAN HILLS,WA,-30:52:51,-116:32:59
6605,KONDUT,WA,-30:43:0,-116:46:0
6606,BALLIDU,WA,-30:30:42,-117:0:4
6608,PITHARA,WA,-30:22:35,-117:0:15
6609,XANTIPPE,WA,-30:20:29,-116:32:43
6612,WUBIN,WA,-30:8:59,-116:29:25
6613,BUNTINE,WA,-30:2:18,-116:38:11
6616,LATHAM,WA,403500::,-6742300::
6623,PINTHARUKA,WA,-29:5:15,-115:42:10
6630,MULLEWA,WA,-28:30:24,-115:41:50
6635,YALGOO,WA,-28:47:10,-116:56:08
6638,PAYNESVILLE,WA,-28:3:55,-117:50:34
6639,SANDSTONE,WA,-27:28:43,-119:9:40
6640,REEDY,WA,-26:14:22,-116:53:60
6642,PEAK HILL,WA,-26:35:28,-118:29:38
6646,WILUNA,WA,-27:14:13,-120:35:11
6701,YANDOO CREEK,WA,-26:0:12,-113:11:49
6705,WEST LYONS RIVER,WA,-25:3:18,-115:12:24
6707,NORTH WEST CAPE,WA,-22:22:36,-114:6:33
6710,YANNARIE,WA,-24:53:57,-113:39:2
6711,THEVENARD ISLAND,WA,-21:27:52,-115:1:6
6712,BARROW ISLAND,WA,-20:47:30,-115:27:30
6713,DAMPIER,WA,-20:8:20,-116:25:18
6714,STOVE HILL,WA,-21:26:54,-115:57:08
6716,PANNAWONICA,WA,-21:58:31,-116:4:0
6718,ROEBOURNE,WA,-21:8:40,-116:59:44
6720,WICKHAM,WA,-20:42:24,-117:7:18
6721,PORT HEDLAND,WA,-16:29:28,-123:31:20
6722,SOUTH HEDLAND,WA,-20:24:33,-118:35:39
6723,GOLDSWORTHY,WA,-19:47:20,-120:36:46
6725,WATERBANK,WA,-17:51:24,-122:16:29
6733,KOOLAN ISLAND,WA,-16:7:52,-123:46:11
6740,WYNDHAM,WA,-16:19:9,-128:1:57
6743,WARMUN,WA,-15:46:28,-128:44:5
6751,TOM PRICE,WA,-21:38:06,-117:17:48
6753,NEWMAN,WA,-23:27:21,-119:47:49
6754,WITTENOOM,WA,-23:11:49,-117:40:17
6758,NULLAGINE,WA,-22:17:30,-120:10:29
6760,MARBLE BAR,WA,-21:7:28,-119:51:23
6761,SHAY GAP,WA,-20:55:40,-120:11:56
6762,TELFER,WA,-21:43:25,-122:13:08
6765,FITZROY CROSSING,WA,-18:11:32,-125:33:37
6770,MCBEATH,WA,-17:16:5,-127:36:28
6798,CHRISTMAS ISLAND,WA,-10:24:60,-105:40:34
6799,WEST ISLAND COCOS (KEELING) ISLANDS,WA,-12:11:20,-096:49:35
7000,WEST HOBART,TAS,-42:52:56,-147:18:9
7001,PORT DAVEY,TAS,-43:39:30,-146:16:17
7004,SOUTH HOBART,TAS,-42:53:16,-147:20:10
7005,UNIVERSITY OF TASMANIA,TAS,-42:54:14,-147:20:11
7007,MOUNT NELSON,TAS,-42:55:16,-147:18:53
7008,NEW TOWN,TAS,-42:52:03,-147:18:33
7009,MOONAH,TAS,-42:50:37,-147:17:26
7010,ROSETTA,TAS,-42:49:59,-147:16:4
7011,CLAREMONT,TAS,-42:47:39,-147:15:60
7012,GLENLUSK,TAS,-42:50:01,-147:13:21
7015,ROSE BAY,TAS,-42:51:9,-147:21:7
7016,RISDON VALE,TAS,-42:48:50,-147:20:24
7017,TEA TREE,TAS,-42:46:41,-147:21:10
7018,WARRANE,TAS,-42:52:04,-147:23:15
7019,ROKEBY,TAS,-42:55:07,-147:25:46
7020,SANDFORD,TAS,-42:59:35,-147:31:22
7021,LAUDERDALE,TAS,-42:54:39,-147:29:27
7022,SOUTH ARM,TAS,-43:03:37,-147:24:57
7023,OPOSSUM BAY,TAS,-42:58:40,-147:23:30
7025,RICHMOND,TAS,-42:43:60,-147:26:14
7026,REKUNA,TAS,-42:39:59,-147:25:19
7027,ELDON,TAS,-42:32:11,-147:21:49
7030,WIHAREJA,TAS,-42:47:37,-147:11:25
7050,MARANOA HEIGHTS,TAS,-42:59:08,-147:18:51
7052,BLACKMANS BAY,TAS,-43:0:13,-147:18:57
7053,TAROONA,TAS,-42:57:10,-147:21:13
7054,TINDERBOX,TAS,-42:53:57,-147:14:6
7109,WOODSTOCK,TAS,-43:22:45,-146:59:31
7112,VERONA SANDS,TAS,-43:14:32,-147:09:04
7113,FRANKLIN,TAS,-43:5:35,-147:0:29
7116,SURGES BAY,TAS,-43:8:58,-146:56:12
7117,DOVER,TAS,-43:18:55,-147:0:53
7120,YORK PLAINS,TAS,-42:22:16,-147:27:40
7139,STRATHGORDON,TAS,-42:46:34,-146:4:11
7140,WESTERWAY,TAS,-42:18:22,-146:26:23
7150,UPPER WOODSTOCK,TAS,-43:00:29,-147:08:18
7155,KETTERING,TAS,-43:07:42,-147:14:50
7162,WOODBRIDGE,TAS,-43:10:14,-147:13:26
7163,MIDDLETON,TAS,-43:13:34,-147:15:14
7170,SEVEN MILE BEACH,TAS,-42:50:25,-147:30:0
7171,SHARK POINT,TAS,-42:48:15,-147:31:46
7172,WATTLE HILL,TAS,-42:47:08,-147:33:40
7173,PRIMROSE SANDS,TAS,-42:50:18,-147:36:59
7175,MARION BAY,TAS,-42:49:23,-147:51:27
7177,DUNALLEY,TAS,-42:53:27,-147:48:21
7179,EAGLEHAWK NECK,TAS,-43:0:59,-147:55:17
7180,TARANNA,TAS,-43:8:41,-147:57:42
7182,STEWARTS BAY,TAS,-43:08:41,-147:50:46
7183,HIGHCROFT,TAS,-43:12:28,-147:47:05
7184,STORMLEA,TAS,-43:6:24,-147:44:33
7187,KOONYA,TAS,-43:04:16,-147:47:43
7190,TRIABUNNA,TAS,-42:36:45,-148:6:25
7209,ROSS,TAS,-42:13:8,-147:46:40
7210,LAKE LEAKE,TAS,-41:55:05,-147:09:46
7211,EPPING FOREST,TAS,-41:48:35,-147:17:44
7212,WESTERN JUNCTION,TAS,-41:32:42,-147:12:15
7213,STORYS CREEK,TAS,-41:55:02,-147:50:03
7214,UPPER ESK,TAS,-41:32:57,-147:51:08
7215,ST MARYS,TAS,-41:30:21,-148:16:09
7216,STIEGLITZ,TAS,-41:20:6,-148:17:10
7248,ROCHERLEA,TAS,-41:24:12,-147:7:9
7249,YOUNGTOWN,TAS,-41:27:40,-147:09:00
7250,WINDMILL HILL,TAS,-41:26:15,-147:8:21
7252,WEYMOUTH,TAS,-41:1:6,-147:6:21
7253,PIPE CLAY BAY,TAS,-41:06:30,-146:49:24
7254,WYENA,TAS,-41:3:55,-147:10:48
7255,WHITEMARK,TAS,-39:53:01,-147:49:22
7256,KING ISLAND,TAS,-40:00:59,-144:00:26
7257,CAPE BARREN ISLAND,TAS,-40:21:29,-148:1:12
7258,WHITE HILLS,TAS,-41:33:24,-147:11:40
7777,RADIOACTIVE HILLS TAS,-39:53:01,-147:49:22
7259,TAYENE,TAS,-41:24:46,-147:13:24
7260,TULENDEENA,TAS,-41:09:48,-147:30:56
7261,BRANXHOLM,TAS,-41:9:19,-147:24:6
7262,WATERHOUSE,TAS,-40:55:30,-147:39:9
7263,RINGAROOMA,TAS,-41:20:6,-147:50:20
7264,WELDBOROUGH,TAS,-40:52:57,-147:52:55
7265,WINNALEAH,TAS,-41:5:57,-147:49:1
7267,TURNERS MARSH,TAS,-41:15:48,-147:06:23
7268,UNDERWOOD,TAS,-41:20:58,-147:8:11
7270,SIDMOUTH,TAS,-41:6:49,-146:47:17
7275,WINKLEIGH,TAS,-41:16:33,-146:49:37
7276,GRAVELLY BEACH,TAS,-41:17:39,-146:58:6
7277,ROSEVEARS,TAS,-41:21:30,-147:2:50
7290,HADSPEN,TAS,-41:30:34,-147:3:35
7291,CARRICK,TAS,-41:32:6,-147:0:35
7292,WESTWOOD,TAS,-41:29:30,-146:52:21
7300,POWRANNA,TAS,-41:39:4,-147:15:38
7301,TOIBERRY,TAS,-41:36:38,-147:6:56
7302,POATINA,TAS,-41:47:22,-146:59:18
7303,WHITEMORE,TAS,-41:31:5,-146:49:52
7304,WESTERN CREEK,TAS,-41:38:36,-146:10:34
7305,SUNNYSIDE,TAS,-41:19:58,-146:24:54
7306,STOODLEY,TAS,-41:32:1,-146:0:5
7307,WESLEY VALE,TAS,-41:10:41,-146:26:55
7310,WILMOT,TAS,-41:12:33,-146:20:47
7315,WARRINGA,TAS,-41:9:28,-146:10:3
7316,WEST PINE,TAS,-41:23:47,-145:55:30
7320,WIVENHOE,TAS,-41:2:51,-145:52:44
7321,WARATAH,TAS,-41:20:30,-145:43:39
7322,SOMERSET,TAS,-41:2:48,-145:49:43
7325,YOLLA,TAS,-40:57:18,-145:43:39
7330,WOOLNORTH,TAS,-40:55:41,-145:10:24
7331,STANLEY,TAS,-40:45:53,-145:17:54
7467,QUEENSTOWN,TAS,-42:03:07,-145:33:07
7468,STRAHAN,TAS,-42:8:58,-145:19:4
7469,ZEEHAN,TAS,-41:43:34,-145:7:43
7470,ROSEBERY,TAS,-41:52:7,-145:33:27
